state,2003-03-31 00:00:00,2003-04-30 00:00:00,2003-05-31 00:00:00,2003-06-30 00:00:00,2003-07-31 00:00:00,2003-08-31 00:00:00,2003-09-30 00:00:00,2003-10-31 00:00:00,2003-11-30 00:00:00,2003-12-31 00:00:00,2004-01-31 00:00:00,2004-02-29 00:00:00,2004-03-31 00:00:00,2004-04-30 00:00:00,2004-05-31 00:00:00,2004-06-30 00:00:00,2004-07-31 00:00:00,2004-08-31 00:00:00,2004-09-30 00:00:00,2004-10-31 00:00:00,2004-11-30 00:00:00,2004-12-31 00:00:00,2005-01-31 00:00:00,2005-02-28 00:00:00,2005-03-31 00:00:00,2005-04-30 00:00:00,2005-05-31 00:00:00,2005-06-30 00:00:00,2005-07-31 00:00:00,2005-08-31 00:00:00,2005-09-30 00:00:00,2005-10-31 00:00:00,2005-11-30 00:00:00,2005-12-31 00:00:00,2006-01-31 00:00:00,2006-02-28 00:00:00,2006-03-31 00:00:00,2006-04-30 00:00:00,2006-05-31 00:00:00,2006-06-30 00:00:00,2006-07-31 00:00:00,2006-08-31 00:00:00,2006-09-30 00:00:00,2006-10-31 00:00:00,2006-11-30 00:00:00,2006-12-31 00:00:00,2007-01-31 00:00:00,2007-02-28 00:00:00,2007-03-31 00:00:00,2007-04-30 00:00:00,2007-05-31 00:00:00,2007-06-30 00:00:00,2007-07-31 00:00:00,2007-08-31 00:00:00,2007-09-30 00:00:00,2007-10-31 00:00:00,2007-11-30 00:00:00,2007-12-31 00:00:00,2008-01-31 00:00:00,2008-02-29 00:00:00,2008-03-31 00:00:00,2008-04-30 00:00:00,2008-05-31 00:00:00,2008-06-30 00:00:00,2008-07-31 00:00:00,2008-08-31 00:00:00,2008-09-30 00:00:00,2008-10-31 00:00:00,2008-11-30 00:00:00,2008-12-31 00:00:00,2009-01-31 00:00:00,2009-02-28 00:00:00,2009-03-31 00:00:00,2009-04-30 00:00:00,2009-05-31 00:00:00,2009-06-30 00:00:00,2009-07-31 00:00:00,2009-08-31 00:00:00,2009-09-30 00:00:00,2009-10-31 00:00:00,2009-11-30 00:00:00,2009-12-31 00:00:00,2010-01-31 00:00:00,2010-02-28 00:00:00,2010-03-31 00:00:00,2010-04-30 00:00:00,2010-05-31 00:00:00,2010-06-30 00:00:00,2010-07-31 00:00:00,2010-08-31 00:00:00,2010-09-30 00:00:00,2010-10-31 00:00:00,2010-11-30 00:00:00,2010-12-31 00:00:00,2011-01-31 00:00:00,2011-02-28 00:00:00,2011-03-31 00:00:00,2011-04-30 00:00:00,2011-05-31 00:00:00,2011-06-30 00:00:00,2011-07-31 00:00:00,2011-08-31 00:00:00,2011-09-30 00:00:00,2011-10-31 00:00:00,2011-11-30 00:00:00,latitude,longitude,name
IA,102731.38,103180.12,103636.0,101544.56,102034.11,102690.89,103267.22,103881.67,104276.11,104503.11,104738.33,105171.11,105554.67,105918.0,106219.0,106470.0,106891.11,107239.78,107609.89,107976.0,108302.0,108895.0,109393.33,107362.7,107144.8,104911.75,103059.15,97056.88,97156.69,95906.89,96515.0,96535.33,97399.41,97541.91,97697.91,97837.68,98113.27,98457.05,98843.05,99137.55,99451.5,99784.32,100057.18,100307.5,100418.36,100511.82,100575.27,100790.59,101179.41,99316.7,104337.08,104446.08,104505.5,104623.21,104862.75,105168.5,105526.33,105907.96,106316.71,106550.92,106535.54,106496.38,106555.12,106713.33,106735.12,106746.12,106747.04,106832.21,106904.38,106888.42,106706.79,106482.25,106351.54,106257.17,106089.96,105842.0,105665.5,103677.88,103436.84,103058.16,102728.0,102489.76,102527.48,102746.76,102978.56,103043.6,103173.44,103230.08,103306.24,103269.08,103245.92,103302.0,103379.68,103373.0,103258.28,103084.12,102921.0,102778.44,102618.56,102636.32,101929.73,102318.5,102612.92,102848.88,102939.12,41.878003,-93.097702,Iowa
KS,157743.18,157600.91,157701.27,158067.18,158756.36,159329.18,159962.82,160507.27,160838.64,161214.82,161509.64,161818.82,162326.55,163206.0,164167.64,164962.55,165460.18,165824.55,166081.36,166645.45,167290.73,165437.5,166098.42,166834.75,159404.36,156995.13,151643.88,152003.0,152584.56,153244.5,154294.25,149557.18,149854.06,150015.53,150408.0,150895.88,151272.47,151740.35,151831.41,151853.41,151950.0,152374.94,152758.35,153210.76,153764.76,154359.35,154857.94,155183.76,155530.59,155874.53,156377.88,157108.65,152745.17,149942.05,149846.21,149992.16,150450.42,150876.53,144791.0,144873.33,144840.0,144681.48,144643.67,144483.14,144338.62,144348.05,144426.38,144437.05,140060.5,139751.32,139371.05,139337.0,139348.77,139566.18,139539.41,139474.77,139457.91,139487.09,139487.0,139256.55,139134.05,139114.68,139164.73,139011.36,138924.55,138839.41,138862.95,138788.73,138497.5,137996.73,137582.41,137457.18,137298.82,136957.05,136558.23,136332.32,135896.59,135364.05,135004.77,134860.09,134832.23,134715.55,134679.18,134377.41,134152.36,39.011902,-98.484246,Kansas
UT,198493.46,198626.23,198825.46,199007.69,198972.0,199160.46,199481.15,199877.46,200109.69,200405.0,200871.92,201843.46,200848.5,201334.79,201581.86,201827.86,202183.5,202349.07,202766.57,203482.0,204452.29,214490.88,207071.18,211837.22,206650.16,212831.7,213941.0,212028.43,213347.57,214626.33,215925.19,217113.9,218547.67,219930.86,221749.24,223852.33,226440.05,229080.67,231073.05,233401.19,235964.05,239263.33,242098.48,244877.81,247324.9,250318.71,253169.52,255670.0,257989.05,260149.57,262992.9,265452.9,267764.38,269413.29,271092.19,272412.52,273382.9,273927.62,244605.63,244438.56,243544.26,240534.82,239001.07,237564.25,235868.61,234184.46,232534.29,231120.46,229603.36,227922.11,226034.29,224303.21,222629.36,221221.79,219746.54,218154.29,216438.43,214722.36,213412.36,212314.82,211526.71,210763.36,209880.39,209002.71,208466.07,208022.07,207656.39,207010.0,206395.25,205636.14,204763.43,203647.86,202374.57,200970.11,200084.14,199134.86,198047.18,196611.25,195515.29,194847.96,194834.43,194992.64,194767.89,194161.36,193686.68,39.32098,-111.093731,Utah
VA,134937.38,136012.69,137332.77,138410.08,139344.46,140466.38,142059.46,143845.15,145518.46,147116.62,148642.23,150330.46,152122.46,153641.0,155381.15,157613.38,160350.0,163232.31,165905.69,168629.54,171261.77,173820.15,174911.79,185595.27,181247.82,177699.83,170451.8,172679.2,174847.85,176708.82,173562.43,174967.52,176644.74,178325.52,179711.83,180980.22,182143.39,183405.78,181440.12,182537.08,183522.42,184282.75,185332.25,186227.25,186801.83,187524.67,188265.92,188847.5,189075.42,189161.33,189047.04,189043.67,188839.38,189066.17,189115.33,189130.54,188940.21,188341.58,187286.85,186681.42,185908.65,184934.85,183910.85,182906.96,181826.85,180563.77,184268.04,183386.56,182691.89,181907.89,181146.33,180145.74,179313.19,178340.44,177543.37,176642.11,175935.37,175226.3,174466.3,173479.96,172582.74,172022.04,171686.67,171649.67,171561.48,171658.67,171673.7,171741.48,171742.56,171552.67,171321.63,171193.48,170934.96,170547.85,169828.0,169245.81,168576.63,167946.59,167317.3,166849.93,166501.81,166235.0,166076.52,165998.37,165941.0,37.431573,-78.656894,Virginia
NC,140564.23,140050.79,140295.5,140561.36,140840.0,144971.53,145067.87,145305.93,145659.0,145963.8,146330.67,146692.07,148388.06,146726.65,146886.24,146725.53,146882.24,147067.53,147589.0,148014.76,148408.0,148920.88,149108.61,149718.0,146866.05,145928.65,157728.29,158724.71,159784.76,161050.24,162353.0,163881.38,165246.43,166687.57,168103.05,169458.19,170781.14,172129.52,173557.76,174958.0,176359.1,177589.24,173263.59,173799.64,174322.23,173596.17,174519.96,175301.26,175985.87,176315.78,176630.3,176852.43,176988.3,176945.48,176858.65,176822.91,176982.35,176721.0,176438.0,176039.35,175986.83,176036.04,176162.22,176080.0,175838.91,175538.7,175264.39,174881.17,174224.3,173668.39,173040.3,172394.17,171541.0,170517.65,169296.22,168050.39,166889.43,165663.61,164553.26,163521.0,162555.0,161839.96,161217.92,160549.38,159772.12,159078.17,158460.21,157857.58,157186.92,156447.08,155697.33,154939.29,154177.92,153235.96,153185.96,152214.0,151422.58,150748.31,150060.85,149457.96,148917.38,148435.23,147958.08,147325.92,146564.85,35.759573,-79.0193,North Carolina
NE,115565.55,116007.64,116368.55,116541.27,116649.27,116817.09,117244.91,117654.91,117904.36,118041.45,118334.64,118735.36,119060.91,119457.55,120292.25,120535.17,120755.67,120880.33,116847.54,117107.46,117709.54,118496.46,119209.46,119431.0,119220.15,118965.5,119009.36,119395.43,119791.86,120198.29,120355.21,120523.86,120573.79,120434.21,120382.71,120685.21,121432.29,121960.79,122423.29,122631.57,122875.71,122974.86,123243.29,123590.57,123915.29,120966.6,120993.93,121036.4,121025.47,121129.2,121043.0,120817.93,120629.0,120539.6,120702.2,120637.73,124371.31,124271.75,121208.06,120819.56,120520.33,120440.78,120354.0,120433.06,120372.33,120516.89,120202.78,119882.17,119377.56,119169.56,119156.06,119275.28,119327.06,119067.94,118781.72,118515.39,118340.11,118109.44,118143.94,118333.89,118763.0,118953.89,118962.61,123968.05,123806.95,123884.26,123907.89,123862.47,123807.16,123650.05,123427.89,123137.63,122756.16,122499.21,122299.89,121375.95,121377.35,121260.15,121264.5,121294.65,121386.15,121488.3,121702.85,122065.05,122356.5,41.492537,-99.901813,Nebraska
SD,137403.0,138168.5,138324.0,138842.5,139246.5,124632.67,124872.0,125222.67,125019.33,124772.33,124477.67,124336.0,124715.33,125295.0,126367.33,142363.88,143167.5,143725.88,144859.62,146256.88,147859.12,149362.62,150823.75,152208.0,153821.25,155272.5,156779.5,140740.5,141878.3,143205.6,144371.6,145440.8,146003.4,146435.8,146514.1,146723.5,146815.8,147365.1,148192.8,148828.3,149090.3,148789.8,148760.3,148405.3,148834.9,149564.9,150655.6,151315.5,151826.4,151973.4,151587.2,149625.91,150162.64,148982.0,149762.17,150491.83,150831.83,151203.08,140949.06,142102.56,142197.56,142150.33,141951.94,142042.17,142183.83,142259.39,142397.78,142506.56,142732.11,142796.67,142937.83,142892.67,142962.67,143060.83,143033.28,142692.67,142007.5,141479.33,141051.94,140836.44,140334.94,139990.0,139557.28,139215.0,138872.5,138778.39,139174.0,139618.39,140084.78,140156.72,140071.78,139765.06,139575.83,139238.0,139061.33,138819.11,138669.83,138276.56,137766.78,137339.22,137000.61,136941.56,136934.78,136914.78,137095.83,43.969515,-99.901813,South Dakota
AL,96872.0,96507.41,96674.35,96919.94,97300.35,97746.0,98074.41,98087.76,98074.41,98065.71,98344.35,98663.76,99035.47,99384.47,99634.94,99781.65,99945.35,100160.18,100429.41,100855.29,101434.06,102119.88,102579.18,102949.59,103262.18,103744.65,104217.12,101932.17,102282.61,102535.5,102866.17,103351.56,103872.89,104304.94,104770.28,105192.67,105712.94,106034.11,106593.06,106961.06,107470.11,108065.72,108734.94,109241.94,109574.32,109916.68,110256.26,110892.47,111423.11,112177.37,112624.47,113242.53,113694.32,114097.11,114321.37,114463.89,114486.16,114601.05,114770.63,114868.58,114977.42,114748.58,114486.68,114175.26,114132.53,113991.47,113751.32,113480.32,113331.11,113082.89,112728.79,112201.0,111517.58,110905.32,110408.05,109970.89,111879.24,111383.9,111474.23,111097.77,109333.3,109019.17,108689.91,108267.09,107901.83,107581.96,107273.87,106955.61,106475.57,105934.65,105486.09,105099.43,104581.87,104038.09,103567.83,103296.04,102985.17,102717.39,102539.78,102370.74,102358.09,102285.0,102198.87,102103.0,102047.43,32.318231,-86.902298,Alabama
ID,159209.25,159746.5,160306.0,161091.75,183999.0,183820.83,183921.33,183842.0,184007.17,184275.33,185312.67,186942.67,188613.67,190097.67,191312.5,192342.5,193397.5,194322.33,195273.0,197015.0,199510.17,202513.5,192820.29,179652.62,185868.56,180668.07,182524.93,183232.0,177768.47,181066.0,179621.3,177048.41,179106.5,181000.64,182918.14,185131.18,187608.64,190159.32,192224.59,193960.41,199976.83,201326.17,202589.52,204064.57,205001.57,205878.17,206558.96,207119.78,207288.78,207285.17,207880.13,208510.39,209011.83,208791.74,208846.7,208798.83,209229.26,209551.74,205730.58,206034.79,205897.58,205427.67,204544.38,203945.17,203190.88,202464.71,201441.42,200385.42,199366.75,198180.04,197182.33,195738.54,194563.21,192846.83,191184.04,189203.5,187495.04,185954.04,184201.58,182365.42,174914.67,173715.33,170913.14,169693.79,168566.39,168164.82,167415.11,166252.25,164806.71,163465.5,162266.04,161002.89,159625.93,158197.5,154805.48,150281.0,149224.33,147805.37,147018.7,146585.6,146452.63,146361.2,146410.3,146749.6,146919.33,44.068202,-114.742041,Idaho
DE,236112.09,239260.37,242428.09,245547.91,248680.7,252124.21,255905.65,259267.86,262265.72,264911.49,267958.26,270791.44,273377.07,276007.49,279092.23,282711.4,286535.72,290220.0,293637.12,296585.93,300006.07,304118.91,308280.28,312352.37,316008.6,320162.6,323868.16,327395.58,327321.32,330693.66,334655.34,339403.48,339861.42,343617.22,347279.69,347580.63,350732.93,352725.11,354760.24,356455.65,358879.41,360822.17,362059.67,362934.59,363043.57,363341.33,362457.72,362021.13,361759.98,362279.04,362851.0,363459.83,359757.66,359188.64,354572.06,348141.18,343261.02,330307.43,326837.0,325501.19,324551.27,323310.02,321726.97,319492.86,316976.93,314029.69,311823.56,309334.88,307605.81,305808.25,304549.31,303076.51,301386.29,299182.44,296740.54,294515.31,292939.2,292234.69,291425.08,290640.22,289387.14,288103.14,286826.03,285937.8,284932.36,284402.9,284192.1,283955.93,283141.56,281687.68,280205.75,278218.53,276147.32,274413.08,272568.46,270689.63,266532.18,264579.22,262288.55,260706.03,259619.47,258776.47,257318.93,256113.17,255206.83,38.910832,-75.52767,Delaware
AK,164528.12,164888.59,165540.98,166476.29,167871.37,169324.66,170920.63,172576.9,173705.37,174592.59,176422.0,177465.6,178516.26,179974.69,181319.57,182788.36,184042.93,184857.95,185614.5,186221.71,187424.19,188705.6,187907.67,189533.23,191123.42,192704.84,194243.26,195554.26,196839.09,198193.51,199754.35,201542.37,203157.42,204862.67,206422.42,207734.0,209012.3,210095.91,211473.19,213033.93,214854.79,216984.7,218721.16,220228.72,221428.44,222528.23,223523.72,224337.58,225004.09,225914.26,226705.16,227354.05,227485.19,227416.05,227793.74,228282.09,228803.51,229255.74,227282.63,227615.85,227886.7,227733.59,227549.85,227514.57,227747.45,227982.7,227903.91,227901.49,227762.51,227459.55,226887.89,226812.77,226831.32,226889.17,226399.45,225889.51,225323.55,224758.13,224352.72,223935.38,222056.65,222171.88,222578.54,222584.81,222768.56,223079.29,223629.1,223978.96,224198.69,224410.31,224509.25,224367.65,223915.15,223612.56,223143.33,222782.88,222180.21,221659.54,221245.21,221199.6,221257.56,221293.29,221242.46,221382.38,221468.65,63.588753,-154.493062,Alaska
CT,246538.55,248349.15,250119.35,253004.6,256197.55,258818.8,261042.75,262588.85,264724.65,267108.9,269618.65,271962.05,274231.15,277340.45,280552.0,283456.4,285731.75,288279.3,291316.05,294841.0,298683.4,302566.9,306367.75,310521.1,314619.5,318060.95,321416.25,324407.8,327694.3,331261.35,334994.4,339034.5,341878.65,344209.4,345784.3,347088.2,347902.95,348848.85,349193.35,350194.0,350940.0,351567.8,351086.2,350103.85,349122.8,347740.95,347455.1,346478.4,347302.2,347539.8,348600.45,348114.85,347446.2,346386.4,346023.9,345128.05,344476.45,344073.5,364585.33,362927.88,360190.54,357685.21,355609.04,353748.21,351788.12,348909.67,346454.71,344181.58,343005.33,342567.75,339693.0,339076.16,337607.28,335747.48,332976.24,330061.84,327389.2,326310.6,324914.32,324184.72,321728.28,318424.96,314565.96,312172.32,311261.96,310888.44,310376.08,310548.28,310504.2,310049.0,309374.6,308437.72,307241.76,306243.72,305320.27,305030.31,304455.38,302958.73,301798.27,300246.27,299109.27,296781.35,294452.42,291209.35,289353.23,41.603221,-73.087749,Connecticut
NM,175876.29,176055.29,176456.57,177184.86,177728.86,178428.29,179147.57,179925.86,180869.86,182054.14,183241.14,184417.86,185454.86,186305.86,187632.86,189356.14,191052.86,191896.57,192372.86,192866.0,193907.43,194900.0,185368.0,180264.8,181702.9,183200.3,184248.7,184877.3,186046.3,187663.6,189741.5,191958.6,194211.5,196982.0,199521.5,201986.5,203915.5,205981.8,208284.6,210745.9,213097.4,215490.9,217818.8,219770.2,221068.6,221390.3,221666.8,222118.8,222672.9,223493.3,223887.7,224826.1,225074.1,214106.09,214059.55,214373.45,214612.73,215263.55,198462.64,198623.14,199011.64,198934.14,198900.5,198202.5,197490.07,196368.36,195331.07,194093.29,193323.36,192636.21,192296.79,191715.14,184818.0,184256.8,183795.0,183556.0,183227.13,183088.53,183019.2,183132.33,182956.6,182610.4,181800.38,181455.19,181162.31,180720.69,180037.38,179072.44,178066.12,177144.56,176632.0,173283.06,172683.06,172162.82,168504.22,168097.83,167573.22,166922.83,166382.39,165958.0,165858.39,165659.56,165169.28,164873.94,164590.61,34.97273,-105.032363,New Mexico
MS,67135.5,67624.5,68163.0,68596.0,68783.5,68970.0,69113.0,69413.0,69581.5,69742.5,69990.0,70129.5,70251.5,70221.0,70158.5,70233.5,70418.5,70694.5,70979.5,86392.33,86644.33,86942.33,107712.5,108214.75,108867.25,109726.25,110661.75,111507.0,112370.0,113137.75,113845.25,114536.25,115251.5,115971.25,116636.5,117529.25,118421.25,119499.5,120227.75,120986.25,124891.83,120037.71,120543.29,121184.71,121645.86,122103.0,122480.14,122798.57,122963.43,123128.29,123352.0,123477.14,123379.86,123108.71,123140.29,123200.0,123550.14,118314.5,109667.87,111838.31,110610.41,105289.94,105151.17,105053.28,104989.39,104954.61,104798.78,104728.89,104608.5,104500.44,104339.89,104157.89,103887.72,103455.5,103056.89,102732.56,102489.28,102321.5,102197.89,101938.22,101547.11,101120.11,100805.17,100656.0,100525.0,100456.06,100270.33,100077.39,99794.44,99404.78,98965.83,98544.78,98303.0,98087.67,97821.17,97486.06,97264.61,97092.39,96990.89,96752.61,96725.11,96666.28,96713.94,96563.94,95793.95,32.354668,-89.398528,Mississippi
CO,234657.86,235060.09,235299.95,235577.45,235772.14,236246.91,236841.14,237420.09,237994.82,238645.95,239212.86,239764.18,240289.18,241008.82,241919.0,242896.36,243944.27,244878.95,245480.27,246172.45,246921.77,247904.59,249022.73,250130.23,251293.14,252388.05,253505.91,254512.23,255522.05,256486.5,257741.55,250504.91,251789.22,252901.22,253782.3,254523.87,252267.08,252997.42,253754.71,254440.42,254979.71,255705.88,256314.54,256730.92,256979.0,257205.08,257919.46,258701.71,259343.58,259726.04,260022.79,260650.46,261409.46,261864.79,261965.58,261759.0,261435.5,261064.12,253930.44,253175.4,252328.48,251820.28,251141.4,250552.32,249914.4,249295.4,248676.52,248157.4,247707.24,247176.72,246451.64,237293.42,236325.62,235464.0,235065.04,234171.19,233383.35,232270.0,231490.77,230699.35,230248.92,230085.35,230273.65,230632.96,230486.15,230162.54,229420.92,228848.46,227784.77,227000.08,226202.42,225741.58,224947.77,223870.5,222487.62,221221.23,220366.5,219558.69,218676.54,218121.35,217934.85,218026.54,217875.46,217478.69,217347.08,39.550051,-105.782067,Colorado
NJ,260622.86,264040.28,267437.07,270883.9,274250.55,277504.24,280341.24,282893.31,285560.0,288545.28,291739.93,294990.31,298486.93,301772.52,305454.34,309201.62,313437.79,317500.38,321725.03,325931.1,330082.34,334240.24,338393.0,342317.21,345897.76,349718.1,353800.07,358171.07,362295.21,366567.55,370569.03,374831.93,379061.0,383280.28,386696.93,389743.59,392685.76,395795.21,398431.55,400443.66,401859.1,402801.03,403348.45,403457.93,403089.34,402256.0,401110.55,400021.17,399350.62,398958.03,398536.17,397792.14,396298.72,394218.48,392062.41,390067.0,388368.07,386357.14,384691.17,383338.31,381852.97,379262.83,375748.41,372027.97,369074.48,366587.86,364462.24,361690.28,358558.14,355101.34,352055.79,348751.59,345618.59,342501.31,340073.72,337584.48,335611.17,333887.21,332282.62,331244.21,330546.59,330761.72,330377.31,330126.83,328969.31,328275.17,327454.55,327451.76,326863.93,325736.55,323981.86,321868.69,319538.69,317027.79,314756.1,312322.1,310024.28,307730.66,305688.69,303404.48,300960.76,298924.72,297414.9,295708.45,293800.07,40.058324,-74.405661,New Jersey
FL,135759.5,137223.85,138554.12,139860.38,140960.23,142141.04,143465.04,144947.85,146708.54,148462.88,150245.15,151986.23,153881.73,155668.62,157602.42,159682.69,173521.81,176452.11,179543.93,182970.04,186160.48,189429.22,192630.85,196163.11,199814.0,203953.19,208445.0,213191.33,218071.85,222936.04,227703.74,226869.25,231036.07,235046.64,239200.54,242800.75,246408.36,249510.93,252303.21,254508.14,256084.75,257106.11,257414.79,257413.89,257582.0,257476.21,257125.57,256534.29,255529.93,254089.71,252178.86,249899.18,247327.54,244746.04,242255.89,239623.32,236396.68,233178.29,229482.39,225766.32,221580.32,217817.18,213994.0,210441.93,206848.32,202823.86,198653.07,194524.46,190531.75,186633.07,182805.0,179260.82,175894.5,172370.75,169191.68,166304.18,163826.75,161836.64,160123.21,158723.82,157703.64,156768.46,156332.29,155943.25,155801.64,155326.54,154530.18,153316.82,152168.0,150831.07,149468.96,147798.54,146238.82,144851.39,143300.46,141759.32,140158.57,139033.21,138022.79,137428.29,136728.46,136251.07,135832.57,135802.07,135645.5,27.664827,-81.515754,Florida
MN,167648.27,168702.33,169866.4,171082.47,172096.33,173456.07,175050.8,176792.73,178198.53,179466.87,180959.87,182406.87,184117.53,185356.2,186727.0,188026.38,189390.75,190377.94,191105.44,190235.76,191223.94,192284.82,193291.41,193962.0,194739.72,191772.63,187529.2,188838.4,189692.2,190486.7,191344.9,192341.1,193166.0,193633.7,194041.9,194587.05,195058.1,191611.38,191538.0,191601.1,185875.27,185870.68,185630.05,178470.43,178353.91,178434.78,178499.87,178554.52,178501.65,178117.87,177446.61,176524.83,175833.57,175892.17,176115.3,176082.52,175543.22,174978.26,161474.56,160692.22,159942.19,159401.07,155857.79,155568.29,154987.68,154306.57,153477.5,152801.68,152195.64,151578.57,151003.18,150313.75,149510.18,148555.14,147651.39,146665.07,145971.0,145355.86,144948.71,144358.21,143811.0,143426.86,143102.32,142932.93,142765.39,142767.46,142646.82,142400.07,141841.75,140886.5,139029.66,138099.31,137375.38,136483.21,135587.17,134653.07,133807.93,132854.07,132104.17,131565.52,131114.76,130885.62,130642.79,130373.17,129998.34,46.729553,-94.6859,Minnesota
NV,294698.88,296979.41,299473.76,301900.41,304350.71,307510.47,310166.82,313079.47,316211.47,321012.59,326460.76,332289.53,338055.0,344015.53,350660.24,357941.94,366594.18,373152.29,380894.65,387844.53,395922.24,401568.0,394782.44,390222.11,395973.63,385147.4,390682.3,395563.9,399596.45,404689.55,410200.8,414213.55,416555.25,417151.95,418582.2,419903.85,407216.38,409330.86,410226.86,410720.9,409779.1,409541.76,407155.43,405476.76,403408.24,403150.1,402469.1,401794.1,399540.52,396773.86,394344.43,391871.81,390321.43,386670.95,382783.38,365914.64,361389.68,356333.0,350338.05,330554.61,323909.78,317700.3,312148.61,306676.87,300181.83,293939.91,288083.61,282639.26,277511.09,273349.61,258489.42,248112.28,243617.16,239196.76,234360.28,229220.92,224973.32,222106.56,219742.44,217848.88,215539.68,212621.04,210823.2,210041.0,210035.88,209500.24,208836.56,208595.68,208017.04,206703.28,204959.36,203108.48,201964.84,201444.4,200224.28,195651.54,193455.23,191443.85,189539.12,187774.88,186571.65,185114.12,184256.27,183815.08,183543.42,38.80261,-116.419389,Nevada
AZ,143033.44,143657.88,144163.44,144595.44,144905.56,145151.06,145728.56,146416.12,147547.25,148452.38,149233.88,148944.06,150407.47,152253.18,154061.82,155666.12,157365.53,159294.18,161118.41,163140.94,164889.88,167179.65,169879.94,168242.44,171085.89,174074.5,177645.94,183775.53,180729.45,184690.35,188633.75,192121.3,195531.1,198198.7,200153.0,201671.0,203305.8,212085.48,213416.38,214526.29,215444.19,216226.33,216913.24,217872.38,218623.19,218995.38,219281.9,219660.52,220142.95,220408.33,220312.29,219484.86,218689.67,217764.62,216596.43,214934.95,212668.43,210788.76,208915.38,206795.29,204256.05,201727.71,199511.9,197284.52,194644.95,191962.71,189450.52,187037.38,184594.67,181914.43,179653.05,177545.33,175114.05,172419.05,169545.76,167203.9,165203.81,160717.77,158862.27,157071.18,156193.14,155430.82,154717.59,153845.0,153447.36,153196.41,152745.36,152025.45,150792.05,149724.36,148082.5,146735.64,145079.05,143612.41,141994.0,140429.95,137648.78,135920.57,134468.61,132896.96,132069.52,131537.09,131512.09,131615.61,131659.96,34.048928,-111.093731,Arizona
WI,131393.43,132151.43,132826.86,133188.0,133509.86,134197.43,135383.57,136867.86,137937.0,138998.29,139889.57,140979.57,146220.5,147344.88,148439.88,149641.75,151072.0,152159.62,153281.88,153890.88,154828.67,155670.67,144873.38,138271.0,136670.26,137252.11,135649.35,136449.04,134775.36,135586.8,136285.96,137035.28,137721.48,138510.68,139161.32,139757.24,140359.76,141219.19,141813.31,142337.92,142779.35,143222.35,143812.85,144371.23,144925.0,145234.12,145307.59,145576.67,145761.3,146001.56,146237.59,146339.48,146387.19,146485.78,146577.37,146567.04,146315.0,146381.52,143819.11,143812.64,143504.32,142977.96,142389.57,141986.11,141544.43,141106.96,140522.79,140022.25,139653.61,139002.0,138380.18,137792.29,137479.14,137222.46,136688.36,134645.21,133868.9,133096.69,132493.72,131979.34,131665.69,131328.93,130838.79,130426.83,130016.97,129658.59,129351.62,128909.38,128605.34,128303.14,127925.17,127255.9,126437.66,125839.45,125597.07,125206.48,124803.59,124260.86,123845.28,123535.31,123220.55,122974.14,122728.21,125843.5,125682.17,43.78444,-88.787868,Wisconsin
ND,,,,,,,,,,,,,,,,,,,,,,,179320.0,182322.5,164226.8,151122.5,151113.67,151759.83,139613.0,140741.29,131396.38,131972.75,132211.62,132746.12,133099.5,127211.78,128344.67,129521.22,129876.11,129611.78,129210.56,129130.22,129600.44,130009.44,130624.22,130989.33,131549.78,131744.0,132023.0,132506.67,133496.89,134528.11,135296.11,135128.44,135152.89,135073.78,135540.44,136029.0,130329.73,130590.45,130568.36,130702.73,130836.18,131187.55,131704.55,132395.45,133045.0,133534.36,133945.18,133771.82,142938.0,142888.08,143412.08,143075.5,142785.0,142467.67,142118.25,142027.33,141444.58,141250.17,140804.83,140983.17,140845.33,140786.33,140046.08,139745.25,139634.67,139945.58,140494.0,140905.17,141814.83,142307.5,143094.67,143669.33,144403.67,144783.25,145699.67,145153.0,145364.15,144822.23,144311.38,144124.15,144100.54,143967.77,143604.85,47.551493,-101.002012,North Dakota
PA,134581.77,135386.45,136198.36,136937.05,137760.59,138496.86,139494.32,140519.82,141581.68,142511.91,143263.32,144191.64,145126.45,146136.09,147216.95,148414.27,149673.64,150979.09,152213.23,153443.0,154618.77,155998.59,157463.27,156139.87,157277.13,158470.57,159560.61,160841.87,162077.87,163520.74,164878.26,166164.0,167412.57,168435.52,169502.65,170315.43,171322.52,172257.09,173328.87,174303.7,175154.3,175667.48,176073.83,176380.78,176756.04,177209.3,177662.43,178109.96,178380.13,178689.87,178797.04,178957.22,174223.67,174343.58,174262.88,174261.62,174240.96,174307.25,174169.96,169901.36,169515.64,169058.0,168516.28,167848.0,167313.52,166794.36,166578.12,166129.8,165529.36,164733.08,161548.27,161106.73,160811.73,160284.23,159872.58,159456.5,159041.27,158627.5,158073.88,157876.23,157786.23,157935.81,157996.42,157985.42,158149.35,158326.31,158469.62,158417.0,158202.15,157843.04,157606.31,157192.85,156812.31,156145.0,155472.62,154872.54,154118.54,153471.54,152816.54,152396.92,152166.58,152941.74,152512.48,152050.19,151543.3,41.203322,-77.194525,Pennsylvania
OK,55346.88,55557.48,55688.08,55797.96,55911.04,56008.88,56133.72,56337.32,56229.15,56393.77,56522.69,56608.19,56733.15,56818.08,57012.58,57215.15,57408.23,57619.85,57814.88,58027.0,58119.27,58240.42,58472.5,58693.19,58899.38,59003.35,59112.5,59295.35,59473.19,59647.85,59807.73,59929.54,60138.12,60407.92,60628.35,60877.19,61129.15,61467.69,61705.96,61818.38,61958.65,62133.73,62351.96,62591.04,62823.15,63021.31,63209.19,63354.35,63501.85,63625.73,63791.96,64003.88,64297.15,64510.96,64692.04,64808.69,65023.08,65171.65,65351.42,65513.65,65691.69,65889.96,66131.31,66408.23,66485.81,66607.65,66700.42,66872.38,66885.77,66986.73,67100.54,67294.23,67452.88,67574.58,67636.46,67688.69,67894.62,68094.54,68323.62,68512.42,68813.23,69046.19,69133.85,68952.58,68779.77,68654.12,68652.15,68617.69,68544.65,68474.65,68380.65,68325.85,68142.31,67966.04,67778.92,67819.62,67798.31,67768.73,67653.35,67624.69,67552.15,67484.35,67432.96,67393.62,67386.5,35.007752,-97.092877,Oklahoma
KY,117555.38,117904.25,118347.56,118727.0,118706.12,118736.31,118648.88,118744.62,118921.06,119582.44,120100.75,120997.0,121391.25,123729.59,127821.67,128313.28,128933.11,129693.17,130295.11,131119.44,131943.83,132681.17,132973.5,130412.63,126574.75,126660.75,127024.95,127083.05,127511.15,127760.25,128690.35,129199.0,126436.43,126566.48,127246.48,127664.9,128135.33,128547.62,129277.05,130095.86,130539.43,130739.81,130485.1,130439.1,130419.9,130725.62,130937.19,131348.33,131794.19,132241.52,132449.05,132511.24,132695.52,133066.38,133424.0,133836.67,134185.9,134534.71,134802.14,134994.52,135015.62,134955.38,134915.76,135150.86,135319.48,135819.05,136257.05,136614.38,136530.86,136289.38,131565.68,131189.45,131036.27,130995.36,130824.36,130452.82,124287.29,123819.25,123377.29,123015.79,123094.96,123309.29,121564.96,121877.56,122152.08,122295.44,122586.24,122784.24,123036.08,123070.12,123105.84,122870.2,122574.96,122176.4,121828.28,121645.2,121458.08,121228.2,120954.2,120855.24,120584.2,120672.68,120763.28,121002.56,121061.76,37.839333,-84.270018,Kentucky
RI,241821.1,245144.0,248815.13,252449.51,256774.91,260321.32,263035.85,265540.65,268839.4,272663.65,276353.87,280078.6,283667.18,287051.91,290419.31,294272.76,298158.21,302080.37,305694.15,309657.32,313305.09,316805.37,320379.13,323459.03,325862.79,328633.9,331412.84,334344.46,336756.07,339490.03,342569.88,345241.57,347346.34,348909.62,349839.54,350976.79,352588.94,354604.93,355465.54,355548.25,354328.24,352787.41,350436.03,348412.72,345942.76,344078.35,342367.13,341621.32,340276.96,338280.63,336747.69,334472.46,333550.74,332217.09,331401.22,329833.44,328926.28,328202.44,331328.7,328797.51,326604.57,323996.65,320888.28,317793.72,313952.68,310284.2,306326.12,302772.06,299070.32,294818.33,290316.86,286145.9,282035.22,279572.2,277977.87,276868.96,275690.48,274695.84,274313.68,274223.17,274370.46,274464.03,275646.09,276748.36,277895.36,277384.17,276648.3,275780.77,275472.28,275166.61,274455.94,273247.57,272015.88,270937.86,269414.29,268199.46,266665.59,265265.83,263204.68,261652.0,260013.38,258421.9,256816.39,255602.97,254265.8,41.580095,-71.477429,Rhode Island
NH,182474.39,183959.83,185659.87,187322.43,189123.83,191059.91,192968.22,195167.87,196767.35,198252.17,199468.52,201201.7,203064.39,204821.74,206772.39,208804.61,211107.61,213188.91,215364.17,217174.52,219275.65,221329.39,223730.48,226074.78,228357.96,230549.04,232269.7,233538.74,234642.96,235679.35,236917.0,238202.09,239633.13,240936.22,241699.26,241998.17,242038.83,242480.13,243042.74,243833.43,244240.91,244642.35,244475.22,244078.22,243377.61,242788.22,242476.48,242215.52,241966.48,241501.43,241376.96,241282.48,241001.52,240566.17,240099.91,239837.74,239300.17,238748.26,238018.96,237307.39,236485.04,235500.04,233872.26,231876.04,230175.61,228421.52,226829.09,224950.35,223581.13,222008.48,220563.0,219088.96,217962.83,216694.74,215253.83,213865.87,212502.43,211345.43,210053.87,209019.09,208435.43,208213.96,208093.0,207539.96,206643.7,205861.7,205675.17,205735.61,205948.78,206203.04,206743.04,206825.87,206250.48,205381.83,204616.65,204245.22,203920.43,203288.17,202286.52,201195.48,199975.83,199127.87,198245.91,197935.22,197302.57,43.193852,-71.572395,New Hampshire
MO,110592.14,111027.43,111471.0,111920.29,112394.57,112825.0,112805.82,113010.91,113053.45,113292.91,113610.09,114031.91,114503.82,116274.25,116694.08,117145.25,117636.17,118164.75,118658.58,118985.33,119418.42,119843.67,120104.58,120157.33,120086.58,114011.92,111033.71,111377.0,111544.29,111660.64,111884.07,112267.43,112642.29,112948.21,113365.29,113754.07,114185.93,114412.07,114566.86,114676.14,114945.93,115150.64,115445.07,115685.07,115829.86,115917.86,115925.14,116030.5,116114.5,116268.86,116379.0,116556.79,116681.71,116913.79,116988.14,116905.79,116710.29,116480.64,114706.7,114617.0,114386.6,114228.4,113989.35,113781.05,113478.5,113118.7,112979.35,112762.85,112488.8,112071.6,111669.85,111401.5,111190.05,110698.8,110020.25,109417.85,109014.2,108847.2,106242.62,105970.33,105717.62,105586.48,105552.38,105365.0,105389.05,105433.33,105650.29,105568.29,105277.62,104748.67,104202.52,103794.1,103435.24,103246.29,102785.43,102464.05,101879.38,101468.81,101164.67,101120.14,101205.29,101180.05,101187.38,101067.0,101039.57,37.964253,-91.831833,Missouri
ME,148112.23,149092.95,151396.78,152384.87,153582.22,155313.43,157376.78,159356.09,160761.43,162056.0,163298.09,164988.35,166691.48,168701.43,170828.39,173226.52,175630.26,177080.04,177995.87,178749.74,180378.09,182118.61,184037.04,185690.91,187251.87,188393.57,188927.26,189613.96,190344.43,191245.83,192096.91,192863.96,193737.17,194353.13,194902.78,194979.22,195214.96,195190.87,195474.04,195452.09,195507.57,195626.35,195865.17,196063.57,195835.09,195870.04,195742.0,195767.83,195243.04,195252.43,195502.57,192587.54,192487.5,192728.96,193085.71,193543.17,193494.79,193262.62,193502.85,193206.42,193012.27,192347.08,191771.85,191100.04,190717.81,189867.15,189113.27,188374.12,187866.69,186855.92,183926.19,182748.37,181657.07,180775.26,179278.93,178122.37,176903.41,176085.15,175126.74,174276.3,173637.07,173650.19,173743.7,173852.63,173939.89,174117.04,174470.41,174128.52,173570.15,172992.26,172768.3,172432.85,171895.81,171188.41,170749.59,170586.74,170365.15,169908.41,169348.52,169299.04,169298.78,169071.15,168417.63,168023.63,167865.3,45.253783,-69.445469,Maine
VT,138123.17,138941.83,139723.96,140514.29,141249.5,143021.79,145132.96,147122.29,147864.42,148547.71,149610.38,150927.25,152179.79,153628.04,155666.42,157867.04,159978.92,161008.46,161733.08,162572.67,164245.08,166097.54,167872.54,169550.96,171220.88,172737.12,173925.58,175061.33,176656.25,178427.08,180266.67,181883.54,183554.58,185173.79,186451.96,187565.04,188940.62,190411.42,191912.88,193012.17,193702.5,194572.08,195500.71,196530.79,197214.54,197722.08,198160.29,198890.04,199319.83,199726.38,199859.08,200377.42,200990.46,201394.96,201690.79,202118.58,202790.04,203279.83,200712.76,198400.39,198742.39,198609.29,198307.36,197947.79,197408.43,197175.68,196867.07,196461.68,195833.75,195374.75,194944.39,194578.14,194161.82,193808.18,193789.36,193531.11,193179.0,192547.54,192126.25,191725.0,191402.54,191086.5,190685.93,190391.62,190065.83,190004.38,189993.48,190211.14,190552.41,190920.59,190978.1,191063.48,191095.07,191113.69,190647.93,190341.9,190374.21,190509.55,190378.14,190131.03,189941.38,189936.9,190116.48,190337.17,190678.14,44.558803,-72.577841,Vermont
GA,92294.29,92456.81,92534.33,92645.95,92808.95,93002.19,93170.52,93258.57,93498.1,93794.86,94156.9,94485.76,94756.0,95078.1,95411.24,95804.48,96108.33,96514.71,96988.43,97517.24,97865.95,98064.48,98293.29,99768.0,98306.32,98857.92,99456.64,99982.0,100599.52,101056.28,101500.64,101868.28,102373.2,102910.68,103461.92,103897.0,104270.2,104548.4,104792.36,105104.6,105407.12,105881.68,106351.04,106915.68,107313.68,107635.88,107787.36,108015.92,108223.8,108523.28,108806.96,109039.16,109189.68,109258.6,109248.84,109331.84,109417.4,109675.8,109737.84,109716.44,109450.32,109275.68,109044.6,108894.28,108609.36,108334.8,107963.68,107422.48,106862.72,106279.4,105963.88,105537.96,105124.32,104320.88,103495.48,102482.6,101662.04,100726.44,100008.64,99233.4,98574.36,97833.48,91526.68,91080.0,90739.64,90578.21,90342.79,90151.64,89786.39,89462.21,88918.39,88468.57,87853.5,87304.29,86573.79,85931.86,85225.14,84280.62,83642.31,83074.17,82668.21,82280.03,81898.45,81502.21,81239.0,32.157435,-82.907123,Georgia
NY,155808.37,157073.85,158194.78,159228.19,160104.67,161317.44,162745.59,164447.78,165768.52,166970.89,168363.26,169832.11,171362.93,172806.7,174572.81,175041.5,177085.68,178852.0,180354.86,181838.18,187330.17,189145.1,190877.34,192575.1,194288.0,196304.69,198296.86,200151.52,202021.62,203891.62,206078.79,208195.24,210258.34,212175.72,213789.79,215155.17,216456.97,217725.17,218766.24,219688.1,220418.07,221193.24,221592.79,221473.1,221070.48,220890.9,221187.93,221701.86,222035.28,221855.28,221851.34,221649.14,221764.52,221846.41,222087.93,222878.72,223553.07,223844.21,223545.24,223097.83,222688.97,222215.93,221213.17,215139.33,214020.03,212903.7,211635.97,210002.5,208447.73,206877.9,205602.4,204197.07,202930.3,201822.63,201020.07,200036.53,199010.03,197885.2,196768.73,196038.33,195475.77,195276.63,194898.77,194735.47,194311.93,194100.53,193770.93,193892.87,193892.23,193972.9,193915.67,193423.97,192745.5,191735.43,191135.73,190491.1,189953.67,189198.6,188564.4,187673.17,187086.33,186442.47,185953.83,185513.07,185124.47,43.299428,-74.217933,New York
CA,323527.88,327474.31,329914.77,331952.15,334121.31,336929.0,340372.19,343987.31,347926.65,351716.96,356366.73,361117.35,366431.0,371696.31,377663.96,384103.46,391022.38,397326.15,403863.08,410145.88,416515.69,423437.92,429903.77,436488.65,442637.27,449309.23,456107.58,462604.92,468687.5,474523.92,480227.88,486109.5,491053.31,495078.04,497949.04,500145.42,502364.58,504166.31,505991.5,507025.62,507215.19,507210.31,506023.96,504510.65,502835.12,501893.58,500637.5,499166.73,497559.88,496155.81,493671.15,490820.19,487781.0,484509.85,480834.42,476155.88,471137.85,464397.85,458245.12,451392.77,443668.77,435456.65,427348.85,419848.58,403088.78,395826.26,389567.52,383588.15,376808.04,370582.48,365249.89,361752.85,358552.93,354510.33,350832.19,348181.15,346892.11,345191.48,342970.37,341940.19,342916.3,345107.52,346271.52,346108.93,346081.22,346770.7,347891.3,347125.19,345410.26,343892.44,343060.19,341693.67,339492.59,336704.74,334482.81,332217.52,330154.63,328106.59,324963.04,322601.7,320955.04,319824.56,318544.04,316896.78,315731.85,36.778261,-119.417932,California
HI,346865.42,350156.42,354382.42,358312.28,362386.53,366272.39,371495.06,378776.67,386799.5,394139.67,401002.86,408226.97,415413.86,422568.5,427368.0,433206.22,439723.75,447856.31,453578.56,457729.53,462011.78,468009.61,474564.19,481400.39,489509.44,499039.36,510857.78,522352.78,532951.17,541628.78,550491.33,559619.81,568337.44,577093.17,585535.81,593435.22,599019.03,603150.81,605712.19,608667.86,612237.08,616349.22,620568.17,622931.58,624658.64,624777.06,625518.22,625962.19,626601.53,625184.19,625813.32,625450.78,623897.89,622583.76,621917.08,622297.57,622547.65,622451.19,621135.92,619020.35,616697.11,614478.43,613535.92,612646.65,611365.65,608119.84,600870.53,597398.71,592851.55,587561.32,581454.82,575511.58,570832.97,565798.79,560336.92,553534.79,548169.53,543704.63,539766.84,527109.92,524971.41,524522.36,525107.23,526695.08,527192.82,528278.82,528149.51,530145.64,531193.44,532969.54,533652.9,533736.9,534023.85,533420.56,533246.97,531906.67,468137.8,466642.78,466031.2,464523.83,462396.82,460044.38,454151.51,452843.95,450955.41,19.898682,-155.665857,Hawaii
IL,133533.8,134254.73,134882.67,135493.67,136005.6,136727.33,137676.73,138735.53,139639.6,140481.8,141369.73,142287.0,143153.6,143937.33,144821.4,146021.2,147247.4,148335.07,148948.47,149850.93,150974.0,152296.47,150047.44,150993.12,140649.37,139280.45,140127.6,138039.48,136128.36,136646.27,137397.55,138105.0,138900.36,139521.77,140188.14,140828.23,141467.55,142042.05,142433.14,142783.32,143223.05,143757.91,144174.86,144411.73,144499.55,144587.91,144736.0,144978.64,144939.05,144752.36,144420.0,144169.09,143884.59,143669.59,143321.5,143026.41,142653.14,142388.09,131991.65,131211.65,130813.23,130173.81,130014.77,129196.73,128517.12,127540.12,126916.92,126138.15,125343.12,124247.12,122965.22,122251.07,121468.56,120706.48,119696.04,119073.19,118423.93,117878.67,117080.96,116495.74,116041.44,115973.37,115654.96,115358.78,114710.41,113092.68,112768.86,112563.39,111995.57,111534.04,111045.71,110525.79,109833.68,109167.0,108617.25,108189.64,107709.89,106934.29,106319.0,105766.25,103231.45,102891.72,102615.38,102146.9,101853.9,40.633125,-89.398528,Illinois
TN,102711.55,103047.1,103321.03,103546.28,103737.24,104072.45,104428.14,104626.86,104778.83,104949.45,105363.79,105744.48,106175.41,106437.86,106805.07,107161.69,107536.66,107784.0,108003.21,108447.69,108967.93,109662.03,110211.76,110847.17,111494.34,112176.34,112785.9,113485.97,114263.62,114945.83,115641.66,116238.86,117046.1,117711.34,118307.0,118783.72,119260.86,118274.0,118998.23,119673.27,120188.27,120890.93,121644.53,122430.03,122952.33,123394.63,123835.47,124377.57,124935.03,125324.17,125638.67,125900.93,126278.97,126737.73,127051.83,127291.5,127348.83,127375.2,127420.0,127437.97,127406.83,127313.0,127091.73,126952.03,126692.83,126367.33,125961.93,125565.87,125414.7,125394.17,125316.9,124999.37,124518.77,124052.43,123618.67,123178.97,122678.57,122156.73,121721.07,121367.57,120923.83,120553.87,120235.4,120133.0,120122.2,120127.37,120288.77,120343.5,120479.67,120440.7,120475.33,120345.7,120146.03,119681.63,119259.77,118864.6,118482.37,117986.93,117518.47,117139.37,116761.8,116389.6,115939.47,115652.37,115442.93,35.517491,-86.580447,Tennessee
MA,381332.63,384917.96,388429.11,391689.48,393835.81,396386.26,398976.93,402047.26,404996.11,408375.52,411950.07,415850.37,419201.0,422401.56,425473.44,428766.41,432954.37,437337.41,441481.56,445024.93,448110.78,450963.26,453396.41,456572.89,459892.56,463036.0,465825.22,468104.89,470051.81,459742.86,460632.64,461801.07,462775.68,463054.5,462540.21,461669.21,460912.61,460062.96,459279.32,458165.75,456535.86,454762.14,452340.25,449729.46,447324.39,445159.11,444207.21,442713.5,441754.39,440400.29,438993.96,436999.0,435077.54,433729.93,433114.96,431901.96,430243.0,428294.96,426301.54,424932.0,422726.93,420331.71,417612.14,415631.5,413832.32,412311.93,410227.07,408541.29,406622.07,404669.0,402018.25,399150.71,396222.71,393792.39,391711.04,390370.18,389739.71,389326.54,389530.07,389584.11,390252.21,390989.71,392279.18,393649.64,395265.04,396778.04,397923.36,398370.82,397823.29,396364.14,394496.32,393108.32,392288.21,391573.64,390777.29,389411.14,387956.89,386166.18,384878.61,383747.96,382760.64,382232.04,381375.43,380177.39,378053.04,42.407211,-71.382437,Massachusetts
OH,116936.76,117453.96,117782.28,118137.96,118409.28,118925.68,119450.08,119924.12,120200.2,120553.88,120892.76,121296.72,121592.36,121772.64,122062.68,122401.8,122846.92,123064.28,123238.56,123495.72,123782.76,124132.64,124525.92,122988.88,121029.11,120135.48,120477.79,120753.62,120954.14,121236.9,121582.41,121853.66,122210.41,122343.83,122440.9,122370.0,122428.0,122463.69,122548.41,122642.07,122810.52,122900.86,122910.1,122867.0,122805.9,122888.03,123078.59,123360.31,123457.97,123403.59,123238.55,123057.97,122832.93,122742.14,122626.21,122571.79,122388.79,122201.52,121945.83,121628.62,121260.38,120869.55,120494.52,120151.34,119887.28,119563.72,119375.17,119001.34,118645.66,118124.66,117481.24,116722.48,116048.34,115633.28,115335.17,114996.28,114535.86,113985.28,113427.38,113075.86,112856.1,112809.66,112758.79,112922.83,112945.34,112940.0,112750.83,112546.86,112228.55,111937.24,111588.0,111238.28,110815.17,110258.07,109856.62,109351.34,109007.93,108456.66,108064.86,107746.72,107592.59,107444.59,107255.62,107009.48,106756.21,40.417287,-82.907123,Ohio
MD,246745.39,249742.82,252697.04,255524.43,258222.86,260433.38,263569.83,265831.4,269093.43,272332.57,275763.1,279482.4,283095.9,286605.9,290694.53,295397.87,300282.53,305032.0,310079.07,314979.53,320357.17,324974.6,330142.93,335059.9,340270.77,345544.6,350600.4,356098.0,361903.8,368252.7,373289.53,378003.83,381851.23,387353.5,391151.17,394848.53,397567.07,401012.77,404556.43,407140.33,409210.3,410176.97,411404.93,412303.77,413260.3,413258.67,413469.3,413431.9,413964.4,414122.77,414047.0,412809.33,410915.33,408767.83,406992.4,405321.43,402989.4,400088.07,396760.03,393499.1,390270.07,386826.2,382455.03,378015.33,373513.17,369468.03,365461.93,361513.17,358294.0,354926.13,352227.3,349457.07,345858.43,341332.87,337163.47,334638.23,333066.67,331660.67,329979.53,328345.2,326981.2,326273.2,325603.47,324602.37,323765.5,323663.47,324237.1,324035.53,322983.9,321374.17,319805.27,318145.13,316085.43,314171.17,312552.17,311544.4,310964.13,310069.13,308686.53,306734.23,304950.87,303552.7,302528.6,301986.7,301437.87,39.045755,-76.641271,Maryland
MI,147577.9,147933.1,148228.24,148666.62,149213.33,149751.24,150361.52,151000.1,151603.29,152274.24,152934.86,151201.73,151765.32,146793.5,147368.83,147941.58,148542.96,149017.17,149556.04,150123.12,150729.21,151221.96,151624.92,151825.96,152228.75,152676.25,153159.54,150963.92,151324.24,151596.72,151617.76,151480.28,151515.12,150289.35,150618.42,150835.15,150904.27,150982.15,151047.27,150820.31,150511.08,150077.54,149896.62,149620.85,149117.12,148231.35,147179.88,146334.42,145595.92,144800.96,143677.08,142742.96,141760.27,141393.65,140675.19,141334.3,140343.56,139450.59,135194.89,134125.82,132907.54,131683.82,130576.0,129472.0,128311.61,126841.32,125388.64,124075.89,123072.96,122319.96,121491.89,120747.46,119796.11,118637.57,115917.45,114643.41,113638.69,112821.48,112276.24,111657.28,111057.38,110236.72,109575.55,108937.03,108629.69,108583.21,108921.97,109134.83,109041.31,108649.48,108157.07,107663.69,107118.55,106530.0,105968.38,105490.59,104915.55,104362.79,103904.07,103632.97,103444.41,103136.28,102890.24,102781.55,102827.86,44.314844,-85.602364,Michigan
WY,166564.5,166515.25,167005.25,167543.25,168691.0,169523.0,169943.75,169588.0,169478.75,169303.0,169686.75,170252.5,170734.5,170833.75,171176.5,172537.25,174161.75,175527.5,176041.25,176776.25,177496.75,178788.0,180193.25,181613.0,165166.29,158815.75,159365.62,161815.75,153059.81,153819.88,155145.19,157002.75,158621.5,160219.94,161486.38,162930.69,164437.88,166286.41,168294.59,169868.35,171543.94,172784.71,173809.94,174916.0,176447.39,177904.11,179415.33,180670.44,181974.28,183637.17,184778.33,186163.11,186721.72,187476.72,187717.0,188044.11,188074.33,193093.95,193478.0,193333.62,193071.31,192465.69,191949.42,191565.15,191538.35,191688.69,191762.12,191781.58,191721.81,191855.92,191858.96,191811.15,191481.96,190917.0,190201.08,189693.77,189320.73,188704.38,187951.15,187078.42,200603.52,200065.93,199637.3,199053.74,198624.26,198399.7,198578.48,198405.19,198344.37,198054.74,197781.0,197410.52,196824.7,196412.52,196136.48,196205.0,196411.85,196535.3,196402.26,196256.22,195849.33,195936.33,196490.59,197258.74,198054.67,43.075968,-107.290284,Wyoming
WA,155664.67,156131.13,156697.93,152009.69,152933.56,153533.35,154341.94,155176.59,156237.18,157604.88,158938.0,160391.65,161700.88,162925.47,164171.82,165322.71,166548.94,164114.83,165370.44,166826.72,168145.11,169743.72,174728.4,177098.96,174078.3,175366.67,173056.38,174650.38,176497.17,178665.07,181060.66,183355.97,185978.59,188115.34,190196.93,192088.93,194101.03,196080.41,198219.83,200400.9,202363.55,204020.55,205197.9,206132.62,206596.76,207565.72,208664.31,210085.48,211459.66,212781.93,213923.31,214676.24,215387.0,215859.03,216137.07,216162.28,215990.48,215533.52,214652.62,213880.66,213066.59,212393.31,211337.97,209855.76,207780.03,205722.69,203905.24,202383.79,198892.47,197630.73,196477.17,194994.5,193178.13,190926.57,189007.7,187501.33,186605.4,185535.93,184471.3,183407.83,182717.83,181701.5,180706.77,179690.53,179268.57,179395.67,179530.8,179363.73,178640.53,177918.83,176867.73,175819.2,174392.1,173240.7,171820.23,170913.1,169683.53,168271.9,166513.07,165016.93,163856.03,163015.6,162603.67,162393.93,162188.47,47.751074,-120.740139,Washington
OR,161293.39,161993.0,162610.28,162851.28,163282.39,163977.61,164947.39,166003.94,166810.72,167795.89,168810.39,170097.67,171445.33,172890.89,174163.83,175376.22,176532.67,177770.33,179176.06,180455.61,182334.11,184092.78,184081.58,183373.25,185540.85,187824.85,187840.05,190577.0,193236.14,193692.23,196330.61,199292.87,201946.09,204432.83,206375.17,208192.17,210156.87,212200.22,214241.83,216062.74,216464.67,215983.68,217112.92,218274.76,219820.56,221539.64,223070.04,224306.2,225441.0,226599.76,227597.4,228385.96,229279.68,229853.4,230274.28,230021.2,229408.24,228794.32,228266.52,227645.16,226451.68,225028.36,223742.08,222374.68,220905.84,219261.24,217738.24,216295.6,214529.96,212341.0,210168.08,208231.2,206378.64,204439.08,202362.24,200474.72,198503.08,196799.4,195258.32,193894.96,192766.48,191964.04,191207.16,190397.76,189756.8,189263.0,188553.64,187690.32,186450.4,185259.96,183908.04,182778.76,181720.56,180341.48,178979.12,177512.0,176182.96,174655.84,173607.4,172675.4,172337.68,171827.44,171431.08,170905.88,170567.68,43.804133,-120.554201,Oregon
SC,114863.11,115090.53,115320.21,115461.05,115636.68,115792.89,115929.32,116087.89,116275.11,116522.84,116802.84,117095.58,117557.42,117994.53,118502.74,118940.95,119395.79,117573.19,118060.48,118567.86,119125.9,119666.48,120282.95,120775.95,121391.05,122068.95,122836.86,123610.48,121111.86,122013.05,122911.27,123773.23,124687.18,125720.5,126620.82,127757.36,128603.82,129574.82,130276.14,131058.41,131802.23,132579.14,133284.09,134101.23,134678.18,135183.91,135631.77,136035.55,134706.22,134985.7,135290.0,135429.09,135594.96,135782.04,135933.96,135831.57,135621.09,135290.17,135162.78,134816.3,134277.87,133747.78,133511.87,133330.48,132931.0,132207.22,131485.43,130795.87,130301.65,129740.17,129189.7,128725.04,128313.83,127640.57,126470.35,125491.48,124813.65,124561.57,124273.74,124034.43,123802.61,123854.26,123708.74,123604.26,123458.43,123702.0,124029.22,123957.3,123601.13,123049.78,122565.48,122052.39,121433.48,120530.7,119609.7,118707.7,117932.78,117167.3,116558.26,116237.61,116155.17,115897.87,115623.3,115229.35,115051.83,33.836081,-81.163725,South Carolina
IN,101584.07,102096.29,102287.33,102315.4,102177.2,102362.31,106755.88,106972.76,107075.35,107442.12,107914.0,108475.65,108950.94,109291.71,109521.12,109584.41,109642.18,108364.78,108525.17,108633.17,108819.5,109085.28,109309.78,106934.5,102955.78,103117.0,103426.78,103959.7,104702.35,105243.87,104048.25,104249.38,104542.17,104733.17,104871.88,104838.58,104756.71,104788.71,104944.42,105222.79,105386.08,105531.75,105856.25,106219.79,106371.21,106370.12,106377.67,106586.96,106843.04,107064.92,107121.17,107021.54,106854.92,106867.83,106831.96,106882.62,107041.17,107374.17,106212.81,106167.56,106095.3,105958.22,105928.22,105806.15,105675.11,105392.96,105132.89,104923.85,104708.81,104374.44,104062.19,103816.37,103572.3,103338.74,103014.89,102800.41,102576.59,102358.89,102193.63,101969.56,101817.44,101681.3,101596.15,101651.07,101654.7,101634.11,101489.22,101292.74,101050.26,100804.67,100525.48,100232.89,99865.04,99567.0,99342.96,99025.41,98732.19,98405.3,98199.67,97982.33,97898.81,97755.25,97779.46,97780.54,97752.25,40.551217,-85.602364,Indiana
LA,153720.38,154049.75,154085.88,154281.62,154235.25,154554.25,151632.11,152324.11,152756.89,153262.56,153446.11,153836.33,154197.0,154572.0,155108.78,149030.0,150427.4,151765.5,153100.0,153789.7,154368.4,154968.2,155510.3,147002.73,147452.64,148240.09,149391.64,143516.33,144179.33,138611.0,139543.0,141170.69,142734.77,144150.08,145485.31,146722.46,148104.62,149265.08,150132.31,150734.31,151526.0,151887.15,152206.08,152185.46,152521.46,152995.85,153487.31,154170.31,154586.77,154980.92,155265.38,155613.46,156013.31,156511.85,157048.23,157336.54,157539.0,157710.0,145676.27,145809.47,145690.33,145550.87,145393.87,145268.6,139580.19,139461.0,139270.19,139164.25,138875.31,138563.81,138257.56,137788.0,137300.88,136911.06,136712.12,136529.5,136276.06,135748.81,135203.62,134700.94,134525.31,134408.25,128242.71,128210.41,128415.94,128503.94,128475.24,128262.12,128207.06,132696.83,136392.95,136126.11,135589.58,134868.84,134488.26,134508.21,133024.38,132888.05,132668.62,132783.19,132751.19,132794.05,132845.0,133149.24,133646.38,31.244823,-92.145024,Louisiana
DC,216077.71,219040.14,221700.29,225045.14,228525.71,232560.0,236189.57,239773.57,242560.29,244999.0,248355.57,251508.71,255182.43,257956.43,261897.0,265665.86,269836.43,273028.0,277482.29,282869.86,288248.43,292547.86,294948.86,299135.71,303350.71,308486.14,312255.0,316496.43,321393.14,327025.29,331627.57,335070.14,338935.43,343106.29,347789.29,350724.57,354055.14,357029.43,359950.14,361703.0,362023.43,362090.14,361630.86,360272.0,358271.57,357216.0,357427.71,358484.43,358681.14,358448.43,358095.0,357664.57,357964.57,358484.29,358849.29,359205.43,358904.71,357813.29,355593.43,352953.71,350667.29,348627.0,346551.14,344589.71,342358.57,338882.57,336126.43,334001.29,332884.14,330678.86,385350.75,384126.5,383212.75,380776.75,377531.38,374781.88,372106.75,370150.12,368491.62,367651.5,368576.0,370543.88,372260.25,372135.12,370890.25,371228.75,373847.38,375678.12,375838.12,376163.0,375602.75,374986.12,371979.88,370366.62,368514.75,369130.88,369231.0,369461.88,367670.12,366131.5,365991.62,365871.12,366480.5,366351.88,366324.62,38.905985,-77.033418,District of Columbia
MT,202169.0,203670.0,204795.5,206128.5,207256.0,209395.0,211371.5,213759.5,215334.5,216557.5,217889.0,219119.5,220254.0,220824.0,222669.5,225499.0,228875.5,230548.5,230699.0,230922.5,232132.0,234044.0,209334.0,212586.75,213839.25,215154.75,216389.5,228316.83,218616.14,229604.5,231191.38,232877.75,264080.1,259905.45,261199.64,263415.09,265391.36,267835.27,269973.09,272146.0,261150.83,263050.83,264566.17,265802.25,266707.17,267560.83,268521.42,269373.92,271070.58,277165.77,278314.77,278660.38,279402.15,280727.77,282006.15,283840.0,285258.92,286442.0,267068.94,267011.75,265902.81,264402.25,263201.69,263229.69,263559.06,263082.19,262693.94,261628.25,261500.5,261332.56,247917.94,247852.17,243490.63,242698.21,241859.74,240844.21,239712.32,238106.11,236432.11,235287.84,234410.37,233487.89,231962.11,230912.32,230182.89,229937.79,229604.89,228838.95,228129.37,222914.05,222599.85,221956.85,220701.7,219455.45,218594.45,217595.3,216715.35,216133.2,215718.25,215450.2,214679.05,214428.55,214073.35,214050.2,214014.5,46.879682,-110.362566,Montana
AR,80724.41,80900.53,81057.06,81298.0,81615.94,81927.71,82238.47,82515.35,82799.12,82985.59,83169.12,83494.35,83901.12,84298.35,84637.24,84982.41,85373.94,85789.35,86209.12,86611.12,87041.35,87665.24,88384.59,88986.24,89520.82,90095.24,90712.29,91244.94,91733.18,92310.06,93026.88,93726.29,94438.06,94879.41,95293.35,95603.94,96069.76,96464.0,96941.82,97427.24,97958.18,98364.65,98636.29,98905.59,99196.88,99620.47,99890.82,97413.39,97586.5,97816.11,97904.61,98067.83,98156.06,98366.89,98479.33,98643.22,98587.56,98443.06,98289.33,98239.33,98252.17,98241.67,98145.28,97849.78,97619.72,97312.33,97203.33,96901.94,96701.67,96514.06,96443.61,96168.17,95758.61,92853.68,92676.79,92586.68,92479.53,92274.37,92030.63,91926.63,91942.47,90818.8,89038.9,89183.38,89309.05,89346.14,89262.33,89108.71,88858.95,88721.71,88484.52,88246.14,87875.52,87404.14,86821.95,86303.62,85950.14,85775.38,85568.05,85493.19,85520.29,85492.14,85387.52,85274.86,85262.05,35.20105,-91.831833,Arkansas
WV,57071.31,57316.69,57494.31,57595.54,57744.77,57906.62,58069.38,58174.15,58307.23,58456.38,58587.08,58798.92,59154.23,59616.0,60063.69,60460.08,62848.79,63181.79,63564.93,64020.43,64515.71,65005.79,65639.5,66339.29,67072.71,67679.14,68298.79,68978.07,69744.43,70329.29,70900.79,71416.36,72029.64,72693.29,73352.57,73734.57,73860.57,73876.29,74180.86,74651.29,75127.14,75575.29,75964.71,76383.0,76657.0,76829.5,76784.36,76912.86,77103.79,77474.79,77695.57,77855.36,77974.57,78165.29,78377.14,78479.86,78587.29,78689.43,78890.14,78910.5,78926.93,78840.0,78655.29,78208.07,77818.0,77413.29,77162.36,76954.07,76698.86,76422.86,75926.71,75495.14,74913.71,74543.21,74242.71,76565.8,76354.67,76174.0,76047.67,76069.2,76080.2,75958.2,75698.07,75572.87,75759.73,75849.47,75832.0,75729.33,75675.53,75608.2,72814.56,72401.0,72039.94,71796.12,70489.06,70459.53,70287.41,70084.76,70006.18,70009.94,70005.82,70032.12,70115.41,70129.53,70140.76,38.597626,-80.454903,West Virginia
TX,161161.58,160857.83,160655.0,160806.92,160891.75,160955.75,161052.83,161458.0,161950.5,162693.92,163409.58,164632.33,166075.5,167456.83,168537.33,168711.33,169381.0,169942.33,170758.08,167923.69,168223.62,168581.0,165630.14,158464.0,152156.22,152394.0,152659.78,153316.06,149971.0,147908.65,148210.95,148418.85,148786.35,149114.0,149678.05,150293.6,147418.76,148038.14,148701.0,149206.95,149724.19,150140.9,150700.71,151410.19,152134.52,152791.71,153275.62,153470.71,153561.1,153760.24,154105.05,154526.86,154831.38,155330.33,155867.62,156360.86,156693.81,156885.05,147768.74,147460.43,147072.22,146822.09,146583.04,146455.83,146403.22,146265.13,145891.57,145608.3,145189.17,144844.0,144558.7,144546.3,144559.91,144445.91,144336.61,144277.52,144297.52,144311.0,144388.57,144340.09,144543.22,144759.65,144939.91,145090.35,145292.0,145528.3,145629.26,145427.17,144938.61,144241.87,143629.04,143147.0,142729.39,142286.61,141824.17,141223.26,140566.96,140091.7,139747.17,139593.04,139583.43,139816.35,140140.52,140365.3,140275.48,31.968599,-99.901813,Texas
national_average,164746.66,165747.65,166769.72,167605.01,169081.77,170002.98,171210.1,172467.85,173663.86,174911.2,176272.01,177672.65,179237.53,180611.28,182250.07,184047.12,186148.85,187626.08,189124.72,190927.01,192736.21,194676.92,194833.28,195528.67,195288.91,195841.73,197136.8,198416.06,198996.51,200565.79,201978.66,203272.58,205395.35,206803.56,208190.39,209275.59,210115.21,211376.48,212360.05,213266.86,213716.13,214241.63,214600.85,214732.26,214920.56,215040.18,215292.4,215502.86,215681.22,215837.39,216010.7,215855.36,215467.67,214962.62,214691.53,214109.96,213732.11,213051.32,209581.28,208434.88,207440.0,206225.8,205053.76,203874.45,202452.15,201202.84,200073.06,198872.98,197597.92,196369.17,195766.63,194334.7,192968.91,191634.95,190299.4,189101.5,187997.23,186992.11,186111.03,185235.0,184833.18,184495.11,183873.46,183718.28,183488.88,183379.07,183330.99,183190.14,182835.43,182374.8,181849.87,181166.12,180402.78,179616.11,178744.97,177890.42,175908.09,175125.71,174367.29,173715.77,173165.27,172771.68,172334.63,172060.41,171730.46,,,
national_median,153720.38,154049.75,154085.88,152384.87,153582.22,154554.25,154341.94,155176.59,156237.18,157604.88,158938.0,160391.65,161700.88,162925.47,164167.64,164962.55,166548.94,165824.55,166081.36,167923.69,168223.62,169743.72,174820.1,178375.79,171153.38,173405.81,171754.09,173664.79,175672.51,177567.95,176591.86,176007.96,177875.62,179663.08,181314.98,183055.7,184876.02,186782.55,186489.06,187069.09,184698.84,185076.72,185481.15,182348.84,182577.87,182979.72,183840.62,184758.97,185524.85,186399.25,186912.68,187603.39,187780.55,188271.44,188416.16,188587.32,188507.27,190717.76,190382.42,189943.92,189460.46,188640.96,187841.35,187003.5,186272.33,185215.46,186690.66,185211.97,183643.28,181911.16,180399.69,178403.08,175504.28,172394.9,169420.99,167627.15,166046.62,163750.12,162338.23,161122.41,160170.62,159887.88,159607.17,159267.4,158960.73,158702.24,158464.91,158137.29,157694.54,157145.06,156651.82,156066.07,155495.12,154690.48,153995.72,151247.5,150323.45,149276.84,148539.78,148021.78,147685.0,147398.22,147184.19,147037.76,146742.09,,,
