Date,Open,High,Low,Close,Adj Close,Volume,ticker
2021-08-24,358.9700012207031,360.489990234375,357.9200134277344,359.0,348.8983459472656,822600,LMT
2021-08-25,359.69000244140625,360.6499938964844,357.989990234375,358.75,348.6553955078125,953500,LMT
2021-08-26,359.1000061035156,361.9800109863281,357.239990234375,361.6199951171875,351.444580078125,1172400,LMT
2021-08-27,363.2900085449219,364.3299865722656,361.17999267578125,361.989990234375,351.8041687011719,1203900,LMT
2021-08-30,362.25,363.9599914550781,361.75,362.04998779296875,351.8624572753906,986000,LMT
2021-08-31,359.3999938964844,360.8500061035156,358.1000061035156,359.79998779296875,352.2051086425781,1083900,LMT
2021-09-01,358.29998779296875,359.510009765625,356.5400085449219,356.6600036621094,349.1314392089844,1116000,LMT
2021-09-02,356.80999755859375,358.739990234375,355.5199890136719,358.04998779296875,350.4920349121094,2071500,LMT
2021-09-03,358.04998779296875,358.2699890136719,355.6300048828125,356.0,348.4853210449219,893200,LMT
2021-09-07,354.7200012207031,354.7200012207031,349.07000732421875,349.20001220703125,341.828857421875,2033500,LMT
2021-09-08,350.3900146484375,353.5799865722656,349.4599914550781,351.4599914550781,344.0411682128906,1215300,LMT
2021-09-09,350.510009765625,351.70001220703125,347.8599853515625,348.92999267578125,341.5645751953125,1098900,LMT
2021-09-10,349.44000244140625,350.0799865722656,345.82000732421875,345.8800048828125,338.5789489746094,1222600,LMT
2021-09-13,347.9100036621094,349.2799987792969,342.75,346.30999755859375,338.9998779296875,1489200,LMT
2021-09-14,348.0,348.29998779296875,342.4800109863281,344.3399963378906,337.0714416503906,1325600,LMT
2021-09-15,344.79998779296875,346.92999267578125,343.9100036621094,345.07000732421875,337.7860412597656,1149700,LMT
2021-09-16,345.4800109863281,345.94000244140625,340.75,341.5,334.2914123535156,1451400,LMT
2021-09-17,339.95001220703125,342.80999755859375,339.1499938964844,340.9800109863281,333.78240966796875,2108000,LMT
2021-09-20,338.70001220703125,340.6499938964844,335.8900146484375,338.4599914550781,331.3155517578125,1709800,LMT
2021-09-21,338.739990234375,340.07000732421875,335.1000061035156,336.04998779296875,328.9564208984375,1317000,LMT
2021-09-22,338.1400146484375,343.20001220703125,338.0199890136719,341.7300109863281,334.5165710449219,1335900,LMT
2021-09-23,340.2900085449219,344.7799987792969,340.1099853515625,344.20001220703125,336.9344177246094,1366200,LMT
2021-09-24,348.9700012207031,352.94000244140625,347.510009765625,349.5199890136719,342.14208984375,1693000,LMT
2021-09-27,352.1400146484375,357.239990234375,351.32000732421875,353.3599853515625,345.9010314941406,1866000,LMT
2021-09-28,353.3599853515625,355.30999755859375,349.9200134277344,352.1499938964844,344.7165832519531,1140100,LMT
2021-09-29,348.1300048828125,352.5799865722656,344.9700012207031,350.2900085449219,342.8958740234375,1547700,LMT
2021-09-30,351.5299987792969,352.29998779296875,344.8999938964844,345.1000061035156,337.8153991699219,1054300,LMT
2021-10-01,347.30999755859375,349.67999267578125,342.7699890136719,347.79998779296875,340.4584045410156,960400,LMT
2021-10-04,347.69000244140625,350.2699890136719,343.70001220703125,345.989990234375,338.6866149902344,1127400,LMT
2021-10-05,346.0,350.45001220703125,344.82000732421875,347.75,340.40948486328125,889400,LMT
2021-10-06,347.0299987792969,350.1400146484375,344.20001220703125,349.989990234375,342.6022033691406,995700,LMT
2021-10-07,350.1700134277344,354.4800109863281,350.1700134277344,351.7799987792969,344.35443115234375,1042600,LMT
2021-10-08,352.0799865722656,355.1600036621094,350.79998779296875,353.75,346.2828369140625,768500,LMT
2021-10-11,354.8999938964844,359.3299865722656,354.1199951171875,357.0799865722656,349.5425109863281,996800,LMT
2021-10-12,356.9800109863281,360.3800048828125,356.010009765625,358.1199951171875,350.560546875,840200,LMT
2021-10-13,359.6199951171875,362.3900146484375,353.45001220703125,361.760009765625,354.1237487792969,1102100,LMT
2021-10-14,362.0199890136719,364.1600036621094,360.3599853515625,362.07000732421875,354.42718505859375,973300,LMT
2021-10-15,364.1000061035156,366.239990234375,363.510009765625,365.6199951171875,357.9022521972656,952700,LMT
2021-10-18,364.3299865722656,367.8800048828125,361.8800048828125,365.0,357.29534912109375,1014600,LMT
2021-10-19,366.5,371.17999267578125,363.6499938964844,371.07000732421875,363.2372131347656,1051300,LMT
2021-10-20,371.7799987792969,372.57000732421875,369.79998779296875,371.1300048828125,363.2959289550781,955200,LMT
2021-10-21,371.6300048828125,373.260009765625,367.1400146484375,373.1400146484375,365.2635498046875,803600,LMT
2021-10-22,373.92999267578125,377.0199890136719,372.25,374.6000061035156,366.6927185058594,1092000,LMT
2021-10-25,375.9100036621094,378.1000061035156,374.6099853515625,376.3299865722656,368.38616943359375,1350300,LMT
2021-10-26,348.3299865722656,351.20001220703125,326.0,331.9100036621094,324.9038391113281,9439700,LMT
2021-10-27,333.0,336.42999267578125,330.5400085449219,330.94000244140625,323.95428466796875,2822900,LMT
2021-10-28,330.0,334.8599853515625,325.1400146484375,331.3900146484375,324.39483642578125,2874600,LMT
2021-10-29,330.0,334.3599853515625,328.8399963378906,332.32000732421875,325.30517578125,1821500,LMT
2021-11-01,330.4700012207031,334.20001220703125,330.07000732421875,330.92999267578125,323.94451904296875,1865000,LMT
2021-11-02,331.45001220703125,332.0400085449219,325.30999755859375,326.30999755859375,319.42205810546875,2745000,LMT
2021-11-03,325.5,333.1000061035156,324.2300109863281,331.3500061035156,324.35565185546875,1902600,LMT
2021-11-04,331.29998779296875,335.739990234375,331.29998779296875,335.5,328.4180603027344,1847900,LMT
2021-11-05,336.95001220703125,340.5199890136719,336.3500061035156,339.8900146484375,332.71539306640625,2145300,LMT
2021-11-08,341.6300048828125,343.0199890136719,337.5799865722656,341.7799987792969,334.56549072265625,1733000,LMT
2021-11-09,341.3800048828125,342.0,337.1000061035156,338.1700134277344,331.0317077636719,1769200,LMT
2021-11-10,338.7699890136719,340.70001220703125,337.5,337.6300048828125,330.5030822753906,1268700,LMT
2021-11-11,337.1400146484375,337.2099914550781,333.29998779296875,335.8900146484375,328.7998352050781,1216500,LMT
2021-11-12,335.6199951171875,340.3900146484375,335.0299987792969,339.05999755859375,331.90289306640625,1097400,LMT
2021-11-15,339.54998779296875,341.6499938964844,339.42999267578125,340.9200134277344,333.7236633300781,1068600,LMT
2021-11-16,341.8900146484375,343.6400146484375,339.760009765625,340.3699951171875,333.1852722167969,1307500,LMT
2021-11-17,339.4800109863281,343.54998779296875,339.4800109863281,341.989990234375,334.77105712890625,1751000,LMT
2021-11-18,342.7200012207031,343.1099853515625,340.2099914550781,342.0799865722656,334.859130859375,1431300,LMT
2021-11-19,340.8800048828125,343.0,339.3500061035156,341.44000244140625,334.2326965332031,1426500,LMT
2021-11-22,341.7300109863281,347.5899963378906,341.4800109863281,344.9800109863281,337.6979675292969,1229400,LMT
2021-11-23,344.9800109863281,348.0899963378906,344.6700134277344,345.17999267578125,337.8937072753906,1212700,LMT
2021-11-24,344.8599853515625,347.0,343.04998779296875,343.5799865722656,336.3274841308594,1134500,LMT
2021-11-26,339.2900085449219,343.2300109863281,338.0799865722656,342.7200012207031,335.48565673828125,1079900,LMT
2021-11-29,344.0,344.6000061035156,339.20001220703125,341.2300109863281,334.027099609375,1492300,LMT
2021-11-30,337.20001220703125,338.3599853515625,333.0299987792969,333.32000732421875,328.98358154296875,2763200,LMT
2021-12-01,335.0,335.95001220703125,328.20001220703125,328.4200134277344,324.1473388671875,2248300,LMT
2021-12-02,330.0,333.9100036621094,328.3299865722656,330.5299987792969,326.2298583984375,1804100,LMT
2021-12-03,331.3500061035156,334.3800048828125,330.3399963378906,333.80999755859375,329.4671936035156,1603200,LMT
2021-12-06,337.25,342.4100036621094,337.25,339.9599914550781,335.53717041015625,1946900,LMT
2021-12-07,340.0,342.1099853515625,338.79998779296875,339.1700134277344,334.7574768066406,1540700,LMT
2021-12-08,339.7099914550781,342.3800048828125,339.0199890136719,341.0799865722656,336.6426086425781,1376900,LMT
2021-12-09,339.94000244140625,345.1099853515625,338.2699890136719,343.6000061035156,339.1298522949219,1591500,LMT
2021-12-10,345.8399963378906,347.239990234375,344.6000061035156,344.8800048828125,340.3931884765625,1180700,LMT
2021-12-13,344.3999938964844,346.79998779296875,341.510009765625,345.54998779296875,341.054443359375,1740700,LMT
2021-12-14,343.75,348.3999938964844,343.75,345.6400146484375,341.143310546875,1786000,LMT
2021-12-15,345.3900146484375,345.6400146484375,340.0,344.4200134277344,339.9391784667969,1208900,LMT
2021-12-16,345.6700134277344,347.9599914550781,343.6700134277344,344.8399963378906,340.35369873046875,1185900,LMT
2021-12-17,345.54998779296875,347.1600036621094,342.9200134277344,344.1400146484375,339.662841796875,2749500,LMT
2021-12-20,341.0,341.19000244140625,333.4200134277344,337.4200134277344,333.0302429199219,2315400,LMT
2021-12-21,338.7699890136719,343.3800048828125,338.6499938964844,340.7699890136719,336.3366394042969,2352400,LMT
2021-12-22,341.1600036621094,344.3500061035156,341.0299987792969,343.1400146484375,338.67584228515625,1311400,LMT
2021-12-23,343.7799987792969,348.32000732421875,343.7799987792969,347.0199890136719,342.5053405761719,1061200,LMT
2021-12-27,347.1000061035156,350.80999755859375,347.0,350.2799987792969,345.7229309082031,965900,LMT
2021-12-28,350.05999755859375,355.1700134277344,349.510009765625,353.75,349.1477966308594,827500,LMT
2021-12-29,353.44000244140625,355.5,352.69000244140625,354.2699890136719,349.6610107421875,771700,LMT
2021-12-30,355.0,357.8299865722656,353.510009765625,353.5799865722656,348.97998046875,778500,LMT
2021-12-31,353.1700134277344,357.05999755859375,351.55999755859375,355.4100036621094,350.78619384765625,887200,LMT
2022-01-03,354.67999267578125,356.5899963378906,353.0299987792969,354.3599853515625,349.7498474121094,1205700,LMT
2022-01-04,355.5299987792969,363.5400085449219,355.2099914550781,361.989990234375,357.28057861328125,1361100,LMT
2022-01-05,363.0,364.0,357.8699951171875,358.1400146484375,353.4806823730469,1682200,LMT
2022-01-06,360.0,361.239990234375,357.54998779296875,358.0,353.3424987792969,1368800,LMT
2022-01-07,359.0799865722656,362.989990234375,358.1499938964844,360.1400146484375,355.4546813964844,1634600,LMT
2022-01-10,363.0,369.4599914550781,361.4100036621094,363.25,358.5242004394531,2389900,LMT
2022-01-11,364.010009765625,365.0400085449219,361.2699890136719,364.1400146484375,359.40264892578125,1128000,LMT
2022-01-12,363.3800048828125,366.1600036621094,359.45001220703125,361.29998779296875,356.59954833984375,1477100,LMT
2022-01-13,362.05999755859375,367.3599853515625,360.1199951171875,365.17999267578125,360.4290771484375,1244000,LMT
2022-01-14,365.17999267578125,372.989990234375,363.9700012207031,372.6199951171875,367.7723083496094,2165000,LMT
2022-01-18,370.45001220703125,377.3599853515625,368.8599853515625,376.5400085449219,371.64129638671875,2471600,LMT
2022-01-19,375.5,381.45001220703125,374.17999267578125,377.3299865722656,372.4209899902344,3336700,LMT
2022-01-20,377.010009765625,381.1499938964844,374.010009765625,375.1300048828125,370.2496337890625,2109100,LMT
2022-01-21,374.0,377.1000061035156,369.67999267578125,371.20001220703125,366.37078857421875,2795400,LMT
2022-01-24,369.54998779296875,374.5400085449219,365.3399963378906,373.3299865722656,368.4730224609375,3022300,LMT
2022-01-25,377.8500061035156,388.0,370.7799987792969,387.1700134277344,382.13299560546875,3182400,LMT
2022-01-26,388.0,393.6300048828125,383.70001220703125,391.239990234375,386.1500549316406,3640500,LMT
2022-01-27,389.3900146484375,395.6000061035156,384.739990234375,389.0799865722656,384.0181579589844,2566200,LMT
2022-01-28,389.1000061035156,393.3299865722656,384.7799987792969,393.1499938964844,388.03521728515625,2145100,LMT
2022-01-31,390.5,390.989990234375,384.67999267578125,389.1300048828125,384.0675048828125,2363400,LMT
2022-02-01,390.2200012207031,390.510009765625,386.2099914550781,387.010009765625,381.9750671386719,1951100,LMT
2022-02-02,386.1099853515625,388.3500061035156,385.010009765625,387.3399963378906,382.30078125,1620600,LMT
2022-02-03,388.17999267578125,392.1700134277344,386.3900146484375,389.70001220703125,384.6300964355469,1649000,LMT
2022-02-04,388.0,392.8399963378906,385.32000732421875,389.3299865722656,384.264892578125,1645800,LMT
2022-02-07,392.0,395.5799865722656,388.29998779296875,392.3399963378906,387.2357177734375,1243000,LMT
2022-02-08,395.67999267578125,396.8399963378906,390.6000061035156,396.0400085449219,390.8876037597656,1311400,LMT
2022-02-09,395.5,397.6199951171875,393.69000244140625,394.5400085449219,389.4071350097656,1541900,LMT
2022-02-10,393.0400085449219,395.6600036621094,383.92999267578125,385.42999267578125,380.4156188964844,2301100,LMT
2022-02-11,386.760009765625,398.8500061035156,385.3500061035156,396.19000244140625,391.03564453125,3276400,LMT
2022-02-14,393.9800109863281,395.5199890136719,383.7900085449219,386.9700012207031,381.93560791015625,2799800,LMT
2022-02-15,381.9100036621094,387.29998779296875,378.32000732421875,382.2200012207031,377.2474060058594,2418600,LMT
2022-02-16,382.8500061035156,388.7099914550781,382.0,386.8999938964844,381.86651611328125,1776800,LMT
2022-02-17,386.1199951171875,391.69000244140625,385.7699890136719,388.7699890136719,383.712158203125,1248800,LMT
2022-02-18,389.1400146484375,391.0799865722656,385.7099914550781,386.4599914550781,381.4322509765625,1459900,LMT
2022-02-22,391.2699890136719,393.4200134277344,385.07000732421875,386.20001220703125,381.1756286621094,1680900,LMT
2022-02-23,389.1700134277344,390.2799987792969,384.5,388.8999938964844,383.8404846191406,1839500,LMT
2022-02-24,398.2300109863281,398.9800109863281,387.4200134277344,395.7099914550781,390.5618896484375,4140900,LMT
2022-02-25,395.2300109863281,414.45001220703125,395.2200012207031,409.489990234375,404.16259765625,3376300,LMT
2022-02-28,413.80999755859375,433.8999938964844,413.5,433.79998779296875,431.1041259765625,5808600,LMT
2022-03-01,435.0,458.5299987792969,435.0,456.6099853515625,453.7723693847656,5719300,LMT
2022-03-02,445.3699951171875,451.55999755859375,429.2799987792969,450.0,447.2034606933594,5003400,LMT
2022-03-03,444.7200012207031,455.8999938964844,437.44000244140625,447.82000732421875,445.0370178222656,4603500,LMT
2022-03-04,450.04998779296875,462.6600036621094,443.07000732421875,458.1499938964844,455.3028259277344,3320300,LMT
2022-03-07,463.010009765625,479.989990234375,463.0,466.1499938964844,463.25311279296875,5210100,LMT
2022-03-08,463.7799987792969,468.0,448.3599853515625,448.989990234375,446.1997375488281,4133700,LMT
2022-03-09,437.5,455.739990234375,432.42999267578125,448.7200012207031,445.9314270019531,3477300,LMT
2022-03-10,450.6300048828125,456.9599914550781,442.239990234375,444.3599853515625,441.5985107421875,3049600,LMT
2022-03-11,442.0,448.69000244140625,438.6099853515625,439.0400085449219,436.31158447265625,2649100,LMT
2022-03-14,449.44000244140625,449.7799987792969,439.2099914550781,444.45001220703125,441.68798828125,2475700,LMT
2022-03-15,444.75,450.4200134277344,440.2799987792969,448.6700134277344,445.8817443847656,1778700,LMT
2022-03-16,435.04998779296875,436.8900146484375,411.3599853515625,421.3399963378906,418.7215881347656,5815500,LMT
2022-03-17,427.05999755859375,431.7799987792969,424.79998779296875,428.5899963378906,425.926513671875,2947700,LMT
2022-03-18,434.6700134277344,437.489990234375,421.70001220703125,426.17999267578125,423.531494140625,5215700,LMT
2022-03-21,431.6300048828125,447.92999267578125,431.6300048828125,440.0,437.265625,3245200,LMT
2022-03-22,439.45001220703125,443.8399963378906,434.19000244140625,440.5899963378906,437.8519592285156,2113800,LMT
2022-03-23,444.0,447.5,442.3500061035156,445.25,442.4830017089844,1715100,LMT
2022-03-24,445.29998779296875,451.5,443.2300109863281,449.7300109863281,446.9351501464844,1375400,LMT
2022-03-25,450.0299987792969,457.5299987792969,450.0,453.6600036621094,450.8407287597656,1646300,LMT
2022-03-28,449.32000732421875,450.4599914550781,443.30999755859375,444.9800109863281,442.2146911621094,1676200,LMT
2022-03-29,433.25,438.1199951171875,429.32000732421875,437.1499938964844,434.4333190917969,2451100,LMT
2022-03-30,439.32000732421875,447.05999755859375,439.30999755859375,445.95001220703125,443.17864990234375,1719500,LMT
2022-03-31,441.9599914550781,448.8699951171875,441.0,441.3999938964844,438.65692138671875,1660700,LMT
2022-04-01,442.2200012207031,448.989990234375,438.82000732421875,445.9800109863281,443.2084655761719,1174200,LMT
2022-04-04,447.4800109863281,448.0,439.54998779296875,444.010009765625,441.2507019042969,1166300,LMT
2022-04-05,445.0,454.80999755859375,443.3800048828125,447.239990234375,444.46063232421875,2240200,LMT
2022-04-06,446.3800048828125,457.55999755859375,446.3800048828125,454.5799865722656,451.7550048828125,1941400,LMT
2022-04-07,453.0,467.3999938964844,450.7900085449219,465.510009765625,462.6170959472656,2032700,LMT
2022-04-08,467.7200012207031,471.5899963378906,459.6099853515625,461.5199890136719,458.6518859863281,1710700,LMT
2022-04-11,463.7900085449219,474.45001220703125,462.19000244140625,464.25,461.36492919921875,1911200,LMT
2022-04-12,466.20001220703125,471.739990234375,461.3800048828125,467.54998779296875,464.6444091796875,1502300,LMT
2022-04-13,471.0,474.6099853515625,466.25,469.19000244140625,466.27423095703125,1212400,LMT
2022-04-14,471.9100036621094,473.7300109863281,466.0400085449219,467.6600036621094,464.75372314453125,1965200,LMT
2022-04-18,467.0,471.9700012207031,459.1099853515625,467.44000244140625,464.53509521484375,1638900,LMT
2022-04-19,462.489990234375,475.5,458.42999267578125,459.8999938964844,457.04193115234375,2044000,LMT
2022-04-20,459.8800048828125,461.3599853515625,452.7799987792969,453.8699951171875,451.0494079589844,1636200,LMT
2022-04-21,455.0,455.95001220703125,438.8500061035156,439.5400085449219,436.8085021972656,1937600,LMT
2022-04-22,440.8900146484375,450.8999938964844,438.3900146484375,445.7900085449219,443.0196533203125,1451700,LMT
2022-04-25,443.0,444.82000732421875,433.2699890136719,442.8900146484375,440.1376647949219,1499800,LMT
2022-04-26,447.0400085449219,452.32000732421875,443.17999267578125,446.0899963378906,443.3177795410156,1440400,LMT
2022-04-27,446.2300109863281,452.0,439.2699890136719,444.9800109863281,442.2146911621094,1017500,LMT
2022-04-28,449.0,449.0,437.5199890136719,441.7099914550781,438.9649963378906,1348800,LMT
2022-04-29,444.42999267578125,445.010009765625,430.3800048828125,432.1199951171875,429.4346008300781,1479500,LMT
2022-05-02,429.6000061035156,437.489990234375,426.1499938964844,430.80999755859375,428.1327209472656,1397100,LMT
2022-05-03,434.3800048828125,437.6000061035156,430.9599914550781,434.7699890136719,432.068115234375,1332000,LMT
2022-05-04,437.0299987792969,445.989990234375,434.8900146484375,445.739990234375,442.9699401855469,1172600,LMT
2022-05-05,445.739990234375,447.4700012207031,438.6099853515625,443.1499938964844,440.3960266113281,1183800,LMT
2022-05-06,441.5299987792969,449.5799865722656,439.9100036621094,449.42999267578125,446.63702392578125,1409800,LMT
2022-05-09,447.0299987792969,448.7799987792969,437.1199951171875,438.8399963378906,436.1128234863281,1354500,LMT
2022-05-10,439.94000244140625,446.5,437.5,439.1300048828125,436.4010314941406,978500,LMT
2022-05-11,437.5,444.989990234375,436.6199951171875,440.4100036621094,437.6730651855469,1018200,LMT
2022-05-12,439.260009765625,441.32000732421875,428.3500061035156,434.5899963378906,431.8892517089844,1390200,LMT
2022-05-13,435.3599853515625,437.7099914550781,429.0,435.1700134277344,432.46563720703125,1114700,LMT
2022-05-16,435.0,440.3699951171875,432.1600036621094,437.54998779296875,434.8308410644531,1004700,LMT
2022-05-17,439.80999755859375,442.2200012207031,431.260009765625,441.0,438.2593994140625,798100,LMT
2022-05-18,441.0,442.07000732421875,433.1000061035156,434.3299865722656,431.6308288574219,986900,LMT
2022-05-19,430.8500061035156,432.989990234375,419.2900085449219,425.6199951171875,422.9749755859375,1539800,LMT
2022-05-20,428.0,428.0,417.2900085449219,424.1499938964844,421.51409912109375,1632500,LMT
2022-05-23,427.44000244140625,435.6499938964844,427.44000244140625,433.0299987792969,430.33892822265625,1038200,LMT
2022-05-24,433.0,443.30999755859375,433.0,442.7799987792969,440.0283508300781,1034100,LMT
2022-05-25,443.4800109863281,448.6300048828125,441.29998779296875,447.5400085449219,444.7587585449219,1032200,LMT
2022-05-26,450.0,454.05999755859375,447.7699890136719,447.989990234375,445.2059631347656,1143100,LMT
2022-05-27,451.1400146484375,451.4700012207031,444.4599914550781,450.55999755859375,447.7599792480469,1265800,LMT
2022-05-31,443.0,445.0,438.4100036621094,440.1099853515625,440.1099853515625,2539100,LMT
2022-06-01,443.0299987792969,443.8500061035156,436.489990234375,439.29998779296875,439.29998779296875,1199000,LMT
2022-06-02,441.760009765625,442.5400085449219,430.44000244140625,441.1099853515625,441.1099853515625,1210000,LMT
2022-06-03,440.0,446.5799865722656,439.1600036621094,442.69000244140625,442.69000244140625,928000,LMT
2022-06-06,443.82000732421875,446.0,441.55999755859375,443.4100036621094,443.4100036621094,690000,LMT
2022-06-07,442.0,456.6700134277344,441.3999938964844,456.29998779296875,456.29998779296875,1126000,LMT
2022-06-08,452.0,454.6400146484375,442.9100036621094,443.4100036621094,443.4100036621094,1151600,LMT
2022-06-09,443.4200134277344,443.54998779296875,432.5,432.7200012207031,432.7200012207031,995100,LMT
2022-06-10,431.0,434.3500061035156,425.75,430.19000244140625,430.19000244140625,1165700,LMT
2022-06-13,424.3999938964844,428.3599853515625,421.5199890136719,423.92999267578125,423.92999267578125,1483000,LMT
2022-06-14,424.010009765625,424.1600036621094,411.1099853515625,416.1700134277344,416.1700134277344,1497800,LMT
2022-06-15,417.55999755859375,419.0,408.8699951171875,414.1000061035156,414.1000061035156,1241700,LMT
2022-06-16,410.42999267578125,412.8900146484375,403.0199890136719,404.7900085449219,404.7900085449219,1580300,LMT
2022-06-17,403.57000732421875,405.3999938964844,394.6600036621094,404.010009765625,404.010009765625,3757100,LMT
2022-06-21,412.0,420.5,409.010009765625,418.9599914550781,418.9599914550781,1474400,LMT
2022-06-22,414.05999755859375,420.4200134277344,411.7900085449219,415.45001220703125,415.45001220703125,1073300,LMT
2022-06-23,415.3699951171875,416.2699890136719,407.17999267578125,410.6199951171875,410.6199951171875,988700,LMT
2022-06-24,415.8399963378906,419.4800109863281,410.67999267578125,419.0400085449219,419.0400085449219,1768000,LMT
2022-06-27,419.0400085449219,423.19000244140625,417.4700012207031,419.25,419.25,779000,LMT
2022-06-28,423.0,427.55999755859375,419.3500061035156,420.7099914550781,420.7099914550781,953300,LMT
2022-06-29,423.05999755859375,424.4100036621094,416.42999267578125,418.8900146484375,418.8900146484375,733800,LMT
2021-08-24,220.11000061035156,223.10000610351562,219.8000030517578,221.42999267578125,221.42999267578125,8942600,BA
2021-08-25,221.5,222.3000030517578,219.10000610351562,221.02999877929688,221.02999877929688,6528900,BA
2021-08-26,221.41000366210938,222.89999389648438,215.91000366210938,216.5,216.5,8341400,BA
2021-08-27,217.47000122070312,222.42999267578125,216.86000061035156,221.75,221.75,7684900,BA
2021-08-30,222.35000610351562,222.3699951171875,217.52999877929688,217.66000366210938,217.66000366210938,7587800,BA
2021-08-31,217.3300018310547,221.3300018310547,217.08999633789062,219.5,219.5,6764500,BA
2021-09-01,220.0,221.75999450683594,217.6199951171875,218.1199951171875,218.1199951171875,7157400,BA
2021-09-02,218.9499969482422,223.83999633789062,218.0800018310547,220.8300018310547,220.8300018310547,8899500,BA
2021-09-03,219.4499969482422,221.17999267578125,217.4600067138672,218.1699981689453,218.1699981689453,6393500,BA
2021-09-07,215.91000366210938,216.7100067138672,212.1699981689453,214.24000549316406,214.24000549316406,13196100,BA
2021-09-08,213.60000610351562,216.0800018310547,210.50999450683594,211.3800048828125,211.3800048828125,8877600,BA
2021-09-09,211.14999389648438,216.61000061035156,210.72000122070312,213.94000244140625,213.94000244140625,9242800,BA
2021-09-10,215.16000366210938,215.88999938964844,210.1199951171875,210.3000030517578,210.3000030517578,6959700,BA
2021-09-13,211.35000610351562,215.63999938964844,209.8800048828125,214.47999572753906,214.47999572753906,10175900,BA
2021-09-14,215.83999633789062,216.11000061035156,210.7100067138672,211.57000732421875,211.57000732421875,9947000,BA
2021-09-15,211.7899932861328,214.35000610351562,210.32000732421875,214.22000122070312,214.22000122070312,7916300,BA
2021-09-16,213.9600067138672,216.30999755859375,213.30999755859375,213.36000061035156,213.36000061035156,6370900,BA
2021-09-17,213.1199951171875,215.3699951171875,211.91000366210938,213.36000061035156,213.36000061035156,7932700,BA
2021-09-20,210.80999755859375,212.42999267578125,206.52999877929688,209.5,209.5,10567400,BA
2021-09-21,210.25,211.75999450683594,207.72000122070312,208.50999450683594,208.50999450683594,7139000,BA
2021-09-22,210.0,217.99000549316406,209.64999389648438,216.97999572753906,216.97999572753906,10953000,BA
2021-09-23,217.80999755859375,222.6199951171875,217.14999389648438,221.10000610351562,221.10000610351562,9344600,BA
2021-09-24,219.1300048828125,222.41000366210938,218.66000366210938,221.38999938964844,221.38999938964844,6498200,BA
2021-09-27,224.0,228.60000610351562,223.8800048828125,224.16000366210938,224.16000366210938,9749200,BA
2021-09-28,222.89999389648438,224.5800018310547,216.4199981689453,218.41000366210938,218.41000366210938,9639800,BA
2021-09-29,227.8000030517578,229.94000244140625,224.86000061035156,225.36000061035156,225.36000061035156,16808000,BA
2021-09-30,226.0800018310547,226.14999389648438,219.4600067138672,219.94000244140625,219.94000244140625,10366900,BA
2021-10-01,222.85000610351562,226.72000122070312,220.60000610351562,226.0,226.0,9113600,BA
2021-10-04,225.67999267578125,227.97000122070312,222.0,223.7899932861328,223.7899932861328,6946100,BA
2021-10-05,224.27000427246094,226.4499969482422,222.4199981689453,224.4199981689453,224.4199981689453,5687300,BA
2021-10-06,221.0800018310547,225.07000732421875,219.1999969482422,224.99000549316406,224.99000549316406,7157600,BA
2021-10-07,227.33999633789062,229.0,225.89999389648438,226.47999572753906,226.47999572753906,7748500,BA
2021-10-08,226.75,228.7100067138672,225.39999389648438,226.38999938964844,226.38999938964844,4515000,BA
2021-10-11,226.5,232.10000610351562,225.32000732421875,226.4499969482422,226.4499969482422,7287000,BA
2021-10-12,226.0,228.66000366210938,223.1199951171875,223.57000732421875,223.57000732421875,8486800,BA
2021-10-13,224.0,224.3000030517578,219.36000061035156,221.77999877929688,221.77999877929688,8240200,BA
2021-10-14,221.07000732421875,222.17999267578125,217.0399932861328,217.44000244140625,217.44000244140625,10427300,BA
2021-10-15,218.1699981689453,219.61000061035156,216.27999877929688,217.0399932861328,217.0399932861328,8773400,BA
2021-10-18,216.0,217.27999877929688,214.0500030517578,216.97999572753906,216.97999572753906,6553500,BA
2021-10-19,217.47000122070312,217.66000366210938,215.27999877929688,215.97000122070312,215.97000122070312,5963400,BA
2021-10-20,215.49000549316406,218.66000366210938,214.35000610351562,216.1699981689453,216.1699981689453,8485200,BA
2021-10-21,216.5399932861328,218.11000061035156,213.80999755859375,214.33999633789062,214.33999633789062,8691500,BA
2021-10-22,214.60000610351562,216.72000122070312,212.5800018310547,212.97000122070312,212.97000122070312,7077600,BA
2021-10-25,213.25,213.97999572753906,211.6999969482422,212.8699951171875,212.8699951171875,7239100,BA
2021-10-26,213.19000244140625,214.85000610351562,208.17999267578125,209.80999755859375,209.80999755859375,11014500,BA
2021-10-27,212.85000610351562,212.89999389648438,205.63999938964844,206.61000061035156,206.61000061035156,14761700,BA
2021-10-28,206.0,208.74000549316406,204.60000610351562,207.85000610351562,207.85000610351562,8825500,BA
2021-10-29,206.83999633789062,208.24000549316406,205.2899932861328,207.02999877929688,207.02999877929688,8559500,BA
2021-11-01,207.0,214.69000244140625,206.80999755859375,214.5800018310547,214.5800018310547,9284900,BA
2021-11-02,213.8300018310547,215.72000122070312,210.6999969482422,212.77000427246094,212.77000427246094,6160200,BA
2021-11-03,211.47000122070312,213.75999450683594,210.8699951171875,213.3800048828125,213.3800048828125,4636100,BA
2021-11-04,213.8000030517578,214.82000732421875,211.8699951171875,213.02999877929688,213.02999877929688,5849600,BA
2021-11-05,217.6999969482422,224.5800018310547,217.6999969482422,224.4600067138672,224.4600067138672,16936300,BA
2021-11-08,225.24000549316406,226.99000549316406,222.11000061035156,222.67999267578125,222.67999267578125,9456100,BA
2021-11-09,222.49000549316406,222.85000610351562,217.5399932861328,220.7899932861328,220.7899932861328,6863700,BA
2021-11-10,219.36000061035156,225.67999267578125,217.27000427246094,218.5,218.5,8197600,BA
2021-11-11,220.5,222.64999389648438,218.89999389648438,219.3800048828125,219.3800048828125,6567300,BA
2021-11-12,219.72000122070312,223.75,218.89999389648438,220.9600067138672,220.9600067138672,6419900,BA
2021-11-15,227.3699951171875,233.94000244140625,226.9199981689453,233.08999633789062,233.08999633789062,21921900,BA
2021-11-16,232.94000244140625,232.9499969482422,225.50999450683594,225.8000030517578,225.8000030517578,10120200,BA
2021-11-17,229.5399932861328,231.32000732421875,224.1999969482422,226.6199951171875,226.6199951171875,10750900,BA
2021-11-18,230.3000030517578,231.5,224.9499969482422,227.25,227.25,10983700,BA
2021-11-19,225.07000732421875,225.3300018310547,213.22999572753906,214.1300048828125,214.1300048828125,20844100,BA
2021-11-22,215.0,215.02000427246094,208.9499969482422,209.89999389648438,209.89999389648438,10764300,BA
2021-11-23,211.5,212.99000549316406,207.77000427246094,209.1300048828125,209.1300048828125,8882800,BA
2021-11-24,207.52000427246094,211.22000122070312,206.8699951171875,210.60000610351562,210.60000610351562,5437600,BA
2021-11-26,197.57000732421875,199.4199981689453,194.0,199.2100067138672,199.2100067138672,17636600,BA
2021-11-29,201.8699951171875,204.27999877929688,195.3300018310547,198.5,198.5,12276200,BA
2021-11-30,196.02000427246094,198.82000732421875,193.85000610351562,197.85000610351562,197.85000610351562,12638900,BA
2021-12-01,200.80999755859375,201.6199951171875,188.0,188.19000244140625,188.19000244140625,13268700,BA
2021-12-02,196.8000030517578,202.5399932861328,192.41000366210938,202.3800048828125,202.3800048828125,20435400,BA
2021-12-03,198.6999969482422,199.89999389648438,195.4199981689453,198.49000549316406,198.49000549316406,10742700,BA
2021-12-06,199.77000427246094,206.4199981689453,199.1999969482422,205.8800048828125,205.8800048828125,11587900,BA
2021-12-07,207.05999755859375,211.64999389648438,206.3800048828125,208.8300018310547,208.8300018310547,10387900,BA
2021-12-08,209.17999267578125,212.67999267578125,207.7100067138672,211.02999877929688,211.02999877929688,6986800,BA
2021-12-09,207.52999877929688,208.5500030517578,205.1999969482422,207.55999755859375,207.55999755859375,7011000,BA
2021-12-10,208.80999755859375,209.0,203.47999572753906,205.05999755859375,205.05999755859375,6040000,BA
2021-12-13,202.5,202.80999755859375,195.5500030517578,197.39999389648438,197.39999389648438,10619600,BA
2021-12-14,195.60000610351562,200.5,195.17999267578125,195.5,195.5,8445100,BA
2021-12-15,195.27999877929688,196.5800018310547,190.32000732421875,195.42999267578125,195.42999267578125,10535900,BA
2021-12-16,197.0,198.32000732421875,190.44000244140625,190.7899932861328,190.7899932861328,8216800,BA
2021-12-17,190.27000427246094,194.77000427246094,187.8800048828125,192.6300048828125,192.6300048828125,12618300,BA
2021-12-20,188.11000061035156,190.36000061035156,185.25999450683594,188.47999572753906,188.47999572753906,10256400,BA
2021-12-21,190.27999877929688,199.69000244140625,190.0399932861328,199.52000427246094,199.52000427246094,12082300,BA
2021-12-22,199.4600067138672,202.92999267578125,197.94000244140625,201.69000244140625,201.69000244140625,8145300,BA
2021-12-23,202.1300048828125,205.1300048828125,201.32000732421875,204.22000122070312,204.22000122070312,7415200,BA
2021-12-27,201.99000549316406,203.42999267578125,199.10000610351562,203.1699981689453,203.1699981689453,7818900,BA
2021-12-28,202.22999572753906,208.94000244140625,201.64999389648438,206.1300048828125,206.1300048828125,8879700,BA
2021-12-29,205.36000061035156,205.41000366210938,202.60000610351562,203.66000366210938,203.66000366210938,6119000,BA
2021-12-30,203.0,206.0,202.60000610351562,202.7100067138672,202.7100067138672,7012600,BA
2021-12-31,202.1999969482422,203.69000244140625,200.02999877929688,201.32000732421875,201.32000732421875,8053000,BA
2022-01-03,204.0,210.5500030517578,203.33999633789062,207.86000061035156,207.86000061035156,9060200,BA
2022-01-04,211.3000030517578,214.55999755859375,209.77999877929688,213.6300048828125,213.6300048828125,11414600,BA
2022-01-05,216.63999938964844,218.92999267578125,211.80999755859375,213.07000732421875,213.07000732421875,11564700,BA
2022-01-06,214.63999938964844,216.0,207.86000061035156,211.33999633789062,211.33999633789062,7142200,BA
2022-01-07,212.97999572753906,218.32000732421875,212.3800048828125,215.5,215.5,9526400,BA
2022-01-10,214.25999450683594,215.27999877929688,207.1300048828125,209.30999755859375,209.30999755859375,8229000,BA
2022-01-11,209.0,217.02999877929688,208.41000366210938,216.02000427246094,216.02000427246094,8098400,BA
2022-01-12,217.08999633789062,221.24000549316406,216.3000030517578,217.4499969482422,217.4499969482422,9134500,BA
2022-01-13,222.25,226.88999938964844,220.0500030517578,223.89999389648438,223.89999389648438,17628000,BA
2022-01-14,222.16000366210938,226.1999969482422,220.25,225.9600067138672,225.9600067138672,8053500,BA
2022-01-18,224.5,229.6699981689453,224.25999450683594,225.00999450683594,225.00999450683594,8930700,BA
2022-01-19,225.10000610351562,225.4199981689453,216.94000244140625,217.0800018310547,217.0800018310547,9382800,BA
2022-01-20,217.3800048828125,221.9499969482422,213.4199981689453,214.19000244140625,214.19000244140625,7636800,BA
2022-01-21,213.7899932861328,213.7899932861328,204.57000732421875,205.44000244140625,205.44000244140625,11548500,BA
2022-01-24,199.85000610351562,204.8000030517578,192.50999450683594,204.1999969482422,204.1999969482422,13796500,BA
2022-01-25,200.10000610351562,205.6300048828125,197.5500030517578,204.10000610351562,204.10000610351562,8824500,BA
2022-01-26,206.2100067138672,206.2100067138672,191.9199981689453,194.27000427246094,194.27000427246094,19974400,BA
2022-01-27,196.3800048828125,199.7100067138672,188.63999938964844,189.75,189.75,12670100,BA
2022-01-28,188.77999877929688,190.72000122070312,183.77000427246094,190.57000732421875,190.57000732421875,10966700,BA
2022-01-31,190.72999572753906,200.33999633789062,190.0,200.24000549316406,200.24000549316406,15504600,BA
2022-02-01,202.47999572753906,208.88999938964844,200.5,208.33999633789062,208.33999633789062,12265100,BA
2022-02-02,205.42999267578125,208.38999938964844,203.2100067138672,207.52000427246094,207.52000427246094,7843700,BA
2022-02-03,206.05999755859375,209.10000610351562,204.25999450683594,206.38999938964844,206.38999938964844,7054700,BA
2022-02-04,205.0,208.25,203.10000610351562,206.4499969482422,206.4499969482422,5952600,BA
2022-02-07,205.7899932861328,214.3699951171875,205.4199981689453,211.9199981689453,211.9199981689453,11816900,BA
2022-02-08,212.67999267578125,213.8699951171875,209.69000244140625,213.27000427246094,213.27000427246094,7356200,BA
2022-02-09,214.91000366210938,217.0399932861328,213.3000030517578,215.86000061035156,215.86000061035156,7587700,BA
2022-02-10,213.7100067138672,223.22999572753906,213.6999969482422,218.75,218.75,11695900,BA
2022-02-11,217.8699951171875,221.4199981689453,210.27000427246094,212.3000030517578,212.3000030517578,11443700,BA
2022-02-14,213.0,215.6300048828125,208.75999450683594,210.0399932861328,210.0399932861328,6481400,BA
2022-02-15,214.83999633789062,219.5399932861328,213.69000244140625,217.72999572753906,217.72999572753906,10448500,BA
2022-02-16,216.10000610351562,219.67999267578125,215.27999877929688,218.92999267578125,218.92999267578125,5698900,BA
2022-02-17,218.47000122070312,218.5800018310547,212.6699981689453,213.5800018310547,213.5800018310547,6176600,BA
2022-02-18,212.55999755859375,214.72999572753906,208.60000610351562,209.02999877929688,209.02999877929688,6973600,BA
2022-02-22,205.0,206.89999389648438,197.82000732421875,198.74000549316406,198.74000549316406,10382100,BA
2022-02-23,201.1300048828125,203.25,195.91000366210938,196.4199981689453,196.4199981689453,7326300,BA
2022-02-24,189.2899932861328,198.86000061035156,186.8800048828125,198.42999267578125,198.42999267578125,12207600,BA
2022-02-25,201.08999633789062,204.07000732421875,199.10000610351562,201.47999572753906,201.47999572753906,8730300,BA
2022-02-28,198.5800018310547,207.30999755859375,196.75,205.33999633789062,205.33999633789062,9859300,BA
2022-03-01,203.11000061035156,203.5,192.92999267578125,194.91000366210938,194.91000366210938,11799500,BA
2022-03-02,196.27000427246094,199.85000610351562,194.63999938964844,197.80999755859375,197.80999755859375,7463400,BA
2022-03-03,197.94000244140625,198.5,188.7100067138672,188.85000610351562,188.85000610351562,12424500,BA
2022-03-04,187.3699951171875,188.32000732421875,178.97000122070312,180.83999633789062,180.83999633789062,13084000,BA
2022-03-07,181.02999877929688,182.72000122070312,169.05999755859375,169.1699981689453,169.1699981689453,12847500,BA
2022-03-08,169.72999572753906,180.82000732421875,167.5800018310547,173.8000030517578,173.8000030517578,13715500,BA
2022-03-09,179.8000030517578,182.8699951171875,177.41000366210938,178.55999755859375,178.55999755859375,10062100,BA
2022-03-10,175.75999450683594,182.02000427246094,175.38999938964844,178.38999938964844,178.38999938964844,8364100,BA
2022-03-11,183.58999633789062,184.86000061035156,175.9499969482422,176.22999572753906,176.22999572753906,9373600,BA
2022-03-14,175.8800048828125,178.22999572753906,172.57000732421875,175.52000427246094,175.52000427246094,8138900,BA
2022-03-15,176.3000030517578,180.5,175.60000610351562,179.88999938964844,179.88999938964844,8051500,BA
2022-03-16,183.38999938964844,189.60000610351562,182.3000030517578,188.99000549316406,188.99000549316406,12077500,BA
2022-03-17,186.36000061035156,190.24000549316406,185.27000427246094,190.19000244140625,190.19000244140625,8126600,BA
2022-03-18,192.07000732421875,193.3800048828125,190.10000610351562,192.8300018310547,192.8300018310547,12849600,BA
2022-03-21,184.39999389648438,187.27000427246094,180.61000061035156,185.89999389648438,185.89999389648438,27369600,BA
2022-03-22,185.24000549316406,192.86000061035156,184.52000427246094,191.0399932861328,191.0399932861328,14378500,BA
2022-03-23,189.6699981689453,190.16000366210938,185.02999877929688,186.0399932861328,186.0399932861328,8297800,BA
2022-03-24,186.35000610351562,189.19000244140625,184.72000122070312,189.0500030517578,189.0500030517578,7094400,BA
2022-03-25,187.75999450683594,191.6999969482422,186.92999267578125,188.9499969482422,188.9499969482422,6365600,BA
2022-03-28,188.42999267578125,189.25999450683594,184.47000122070312,188.16000366210938,188.16000366210938,6904100,BA
2022-03-29,191.6199951171875,196.36000061035156,191.1999969482422,193.8000030517578,193.8000030517578,8438700,BA
2022-03-30,192.32000732421875,197.4499969482422,191.36000061035156,194.91000366210938,194.91000366210938,9959300,BA
2022-03-31,195.0,197.5800018310547,191.4499969482422,191.5,191.5,6447900,BA
2022-04-01,192.5800018310547,192.6199951171875,188.77999877929688,190.75999450683594,190.75999450683594,4862100,BA
2022-04-04,190.02000427246094,191.83999633789062,186.91000366210938,191.17999267578125,191.17999267578125,7792100,BA
2022-04-05,189.6999969482422,192.35000610351562,182.52000427246094,182.64999389648438,182.64999389648438,9371600,BA
2022-04-06,180.39999389648438,180.57000732421875,176.5800018310547,178.72000122070312,178.72000122070312,8173900,BA
2022-04-07,178.1300048828125,178.66000366210938,173.8699951171875,177.97000122070312,177.97000122070312,7517800,BA
2022-04-08,176.5399932861328,178.1300048828125,174.24000549316406,175.1999969482422,175.1999969482422,6524100,BA
2022-04-11,173.83999633789062,179.6699981689453,173.39999389648438,175.02999877929688,175.02999877929688,6001100,BA
2022-04-12,175.5,178.5,174.52999877929688,176.27999877929688,176.27999877929688,6125100,BA
2022-04-13,176.9600067138672,183.4600067138672,176.9600067138672,182.8699951171875,182.8699951171875,7399900,BA
2022-04-14,182.75,185.5399932861328,181.63999938964844,181.94000244140625,181.94000244140625,5144600,BA
2022-04-18,181.4499969482422,182.4600067138672,178.5500030517578,179.85000610351562,179.85000610351562,5042600,BA
2022-04-19,180.36000061035156,187.61000061035156,180.27999877929688,185.97999572753906,185.97999572753906,7485600,BA
2022-04-20,187.24000549316406,187.33999633789062,182.86000061035156,183.5500030517578,183.5500030517578,6824300,BA
2022-04-21,188.72999572753906,189.85000610351562,180.5500030517578,181.02000427246094,181.02000427246094,7446100,BA
2022-04-22,180.77999877929688,182.6699981689453,176.5,176.9199981689453,176.9199981689453,6372400,BA
2022-04-25,174.50999450683594,176.0800018310547,172.4499969482422,175.91000366210938,175.91000366210938,6293100,BA
2022-04-26,174.75999450683594,174.8699951171875,166.85000610351562,167.0399932861328,167.0399932861328,9277300,BA
2022-04-27,161.25,161.25,146.0,154.4600067138672,154.4600067138672,40371700,BA
2022-04-28,156.61000061035156,156.7899932861328,149.0,154.22000122070312,154.22000122070312,13518800,BA
2022-04-29,153.44000244140625,157.02999877929688,148.52000427246094,148.83999633789062,148.83999633789062,10880300,BA
2022-05-02,148.02000427246094,149.4499969482422,143.3800048828125,148.61000061035156,148.61000061035156,12399200,BA
2022-05-03,149.08999633789062,154.4499969482422,147.91000366210938,153.5800018310547,153.5800018310547,10149500,BA
2022-05-04,152.91000366210938,157.13999938964844,150.77000427246094,156.97000122070312,156.97000122070312,9550600,BA
2022-05-05,155.69000244140625,157.99000549316406,149.0500030517578,150.47000122070312,150.47000122070312,7950800,BA
2022-05-06,149.9600067138672,150.89999389648438,145.85000610351562,148.89999389648438,148.89999389648438,7697900,BA
2022-05-09,146.0,146.9499969482422,132.64999389648438,133.30999755859375,133.30999755859375,12593800,BA
2022-05-10,136.75999450683594,137.83999633789062,130.3300018310547,132.9499969482422,132.9499969482422,11781400,BA
2022-05-11,132.9499969482422,138.9600067138672,129.11000061035156,129.38999938964844,129.38999938964844,11388400,BA
2022-05-12,126.88999938964844,128.52999877929688,120.27999877929688,123.13999938964844,123.13999938964844,15891300,BA
2022-05-13,124.9800033569336,130.8000030517578,122.37999725341797,127.19999694824219,127.19999694824219,20891500,BA
2022-05-16,127.05000305175781,131.1199951171875,122.3499984741211,124.05000305175781,124.05000305175781,10631600,BA
2022-05-17,126.91000366210938,132.8300018310547,125.79000091552734,132.0500030517578,132.0500030517578,12154200,BA
2022-05-18,130.33999633789062,132.10000610351562,124.36000061035156,125.5199966430664,125.5199966430664,9567600,BA
2022-05-19,124.4000015258789,128.39999389648438,123.69999694824219,127.13999938964844,127.13999938964844,8075800,BA
2022-05-20,128.77000427246094,128.85000610351562,117.08000183105469,120.69999694824219,120.69999694824219,18822200,BA
2022-05-23,121.69999694824219,124.4800033569336,120.33999633789062,124.06999969482422,124.06999969482422,9341500,BA
2022-05-24,122.44000244140625,122.69999694824219,117.29000091552734,119.4000015258789,119.4000015258789,9092400,BA
2022-05-25,119.16999816894531,122.5999984741211,118.76000213623047,122.05999755859375,122.05999755859375,7707900,BA
2022-05-26,123.0999984741211,128.83999633789062,122.73999786376953,127.7300033569336,127.7300033569336,8333900,BA
2022-05-27,128.77000427246094,132.22999572753906,128.32000732421875,132.22999572753906,132.22999572753906,7261500,BA
2022-05-31,131.02999877929688,132.99000549316406,128.86000061035156,131.39999389648438,131.39999389648438,7953700,BA
2022-06-01,133.0,134.3300018310547,127.01000213623047,130.64999389648438,130.64999389648438,9991600,BA
2022-06-02,132.13999938964844,140.5500030517578,131.8699951171875,140.5,140.5,12777000,BA
2022-06-03,138.52000427246094,140.6999969482422,137.58999633789062,139.25,139.25,10091800,BA
2022-06-06,139.99000549316406,141.13999938964844,136.8300018310547,139.24000549316406,139.24000549316406,6354800,BA
2022-06-07,137.49000549316406,141.24000549316406,135.91000366210938,140.82000732421875,140.82000732421875,5436100,BA
2022-06-08,139.1300048828125,142.2100067138672,138.44000244140625,139.6300048828125,139.6300048828125,5833700,BA
2022-06-09,139.35000610351562,139.66000366210938,133.6999969482422,133.72999572753906,133.72999572753906,6010100,BA
2022-06-10,130.27000427246094,132.19000244140625,126.8499984741211,127.0,127.0,7770700,BA
2022-06-13,123.0,123.25,114.13999938964844,115.86000061035156,115.86000061035156,16778500,BA
2022-06-14,116.6500015258789,122.19000244140625,113.0199966430664,122.16000366210938,122.16000366210938,17549800,BA
2022-06-15,124.3499984741211,134.99000549316406,123.83000183105469,133.72000122070312,133.72000122070312,25997800,BA
2022-06-16,131.6999969482422,135.33999633789062,131.25999450683594,133.36000061035156,133.36000061035156,19543600,BA
2022-06-17,132.25,138.97999572753906,131.5,136.8000030517578,136.8000030517578,16042500,BA
2022-06-21,139.1699981689453,140.94000244140625,135.83999633789062,136.75,136.75,10519900,BA
2022-06-22,134.02999877929688,138.7899932861328,133.27999877929688,137.16000366210938,137.16000366210938,7713300,BA
2022-06-23,136.4199981689453,137.4199981689453,130.08999633789062,133.97000122070312,133.97000122070312,10746900,BA
2022-06-24,135.00999450683594,141.8699951171875,134.9499969482422,141.52999877929688,141.52999877929688,13626200,BA
2022-06-27,140.27999877929688,140.57000732421875,136.22000122070312,138.72000122070312,138.72000122070312,8457400,BA
2022-06-28,140.88999938964844,147.17999267578125,138.5399932861328,138.6999969482422,138.6999969482422,12125400,BA
2022-06-29,138.61000061035156,138.9199981689453,134.83999633789062,138.4499969482422,138.4499969482422,7489200,BA
2021-08-24,85.11000061035156,86.08000183105469,85.0,85.43000030517578,83.96057891845703,4751800,RTX
2021-08-25,85.62000274658203,86.44000244140625,85.0,85.7300033569336,84.25541687011719,3195200,RTX
2021-08-26,85.66000366210938,85.80000305175781,84.5199966430664,84.76000213623047,83.3021011352539,2596000,RTX
2021-08-27,85.18000030517578,86.13999938964844,85.1500015258789,85.4000015258789,83.93109130859375,3590400,RTX
2021-08-30,85.48999786376953,85.5199966430664,84.69999694824219,84.80000305175781,83.34141540527344,2936800,RTX
2021-08-31,84.6500015258789,85.41999816894531,84.33999633789062,84.76000213623047,83.3021011352539,3969600,RTX
2021-09-01,85.13999938964844,85.13999938964844,83.91999816894531,84.0999984741211,82.65345001220703,4109000,RTX
2021-09-02,84.19999694824219,84.94999694824219,84.12999725341797,84.54000091552734,83.08589172363281,3471600,RTX
2021-09-03,84.37999725341797,84.62999725341797,83.5,83.6500015258789,82.2112045288086,3300100,RTX
2021-09-07,83.36000061035156,83.6500015258789,82.36000061035156,83.0,81.57238006591797,5701400,RTX
2021-09-08,82.83000183105469,83.4800033569336,82.19999694824219,82.87000274658203,81.44461822509766,3911400,RTX
2021-09-09,82.93000030517578,84.3499984741211,82.7300033569336,83.66000366210938,82.22102355957031,4521200,RTX
2021-09-10,84.18000030517578,84.45999908447266,82.80000305175781,83.0,81.57238006591797,3893400,RTX
2021-09-13,83.77999877929688,84.2300033569336,82.76000213623047,83.63999938964844,82.20136260986328,4768000,RTX
2021-09-14,83.80000305175781,83.83999633789062,82.26000213623047,82.73999786376953,81.31684112548828,5253300,RTX
2021-09-15,83.18000030517578,85.05999755859375,82.83000183105469,84.87000274658203,83.41020965576172,5673400,RTX
2021-09-16,84.94000244140625,85.12999725341797,83.87999725341797,84.0199966430664,82.57482147216797,5907500,RTX
2021-09-17,83.58999633789062,84.01000213623047,82.37000274658203,83.38999938964844,81.9556655883789,23128700,RTX
2021-09-20,81.9000015258789,83.5999984741211,81.5199966430664,83.44999694824219,82.01464080810547,8217100,RTX
2021-09-21,83.68000030517578,84.1500015258789,82.66999816894531,83.11000061035156,81.68048095703125,5900300,RTX
2021-09-22,83.97000122070312,85.95999908447266,83.61000061035156,85.2699966430664,83.80332946777344,6233700,RTX
2021-09-23,85.58000183105469,87.0,85.51000213623047,86.75,85.25787353515625,5906800,RTX
2021-09-24,86.56999969482422,87.66999816894531,86.36000061035156,87.16000366210938,85.66082000732422,4665900,RTX
2021-09-27,87.7300033569336,88.47000122070312,87.2300033569336,87.33999633789062,85.83772277832031,4162100,RTX
2021-09-28,87.0999984741211,87.7300033569336,86.47000122070312,86.83999633789062,85.34632873535156,5781200,RTX
2021-09-29,87.16999816894531,87.81999969482422,86.69000244140625,86.98999786376953,85.49374389648438,3612600,RTX
2021-09-30,87.48999786376953,87.5,85.86000061035156,85.95999908447266,84.4814682006836,5642900,RTX
2021-10-01,86.80000305175781,87.93000030517578,86.13999938964844,87.4800033569336,85.9753189086914,5499500,RTX
2021-10-04,87.0,88.0,86.43000030517578,87.69000244140625,86.18170928955078,5490600,RTX
2021-10-05,88.0,89.48999786376953,87.7300033569336,88.72000122070312,87.1939926147461,4820500,RTX
2021-10-06,88.19999694824219,89.4000015258789,87.44999694824219,89.2699966430664,87.73452758789062,4354100,RTX
2021-10-07,89.88999938964844,90.62999725341797,89.75,90.1500015258789,88.5993881225586,3750900,RTX
2021-10-08,90.30000305175781,90.83000183105469,89.73999786376953,90.62000274658203,89.06130981445312,3342700,RTX
2021-10-11,90.72000122070312,91.37999725341797,89.83999633789062,89.88999938964844,88.34385681152344,3048000,RTX
2021-10-12,89.61000061035156,90.55999755859375,89.16000366210938,89.72000122070312,88.17678833007812,3404100,RTX
2021-10-13,89.80999755859375,90.0,88.31999969482422,89.68000030517578,88.13748168945312,3285500,RTX
2021-10-14,90.31999969482422,90.47000122070312,89.11000061035156,89.16999816894531,87.63623809814453,4225300,RTX
2021-10-15,89.8499984741211,91.29000091552734,89.66999816894531,90.91999816894531,89.35614776611328,4581600,RTX
2021-10-18,90.0999984741211,91.12000274658203,89.31999969482422,90.80000305175781,89.23821258544922,3898700,RTX
2021-10-19,90.9800033569336,91.48999786376953,90.44999694824219,91.2300033569336,89.66082000732422,4195100,RTX
2021-10-20,90.69000244140625,91.91000366210938,90.08000183105469,91.68000030517578,90.10307312011719,3916600,RTX
2021-10-21,91.33000183105469,91.66999816894531,90.58000183105469,91.61000061035156,90.03428649902344,4274900,RTX
2021-10-22,91.66999816894531,92.31999969482422,91.18000030517578,91.86000061035156,90.27998352050781,4160800,RTX
2021-10-25,91.66999816894531,91.9800033569336,90.69999694824219,91.30000305175781,89.7296142578125,5953900,RTX
2021-10-26,88.29000091552734,91.19000244140625,87.0,89.16000366210938,87.62641906738281,9122500,RTX
2021-10-27,89.1500015258789,90.55999755859375,88.69000244140625,89.16000366210938,87.62641906738281,4273200,RTX
2021-10-28,89.36000061035156,89.80999755859375,88.73999786376953,89.19000244140625,87.6559066772461,4179900,RTX
2021-10-29,89.05999755859375,89.76000213623047,88.51000213623047,88.86000061035156,87.33158111572266,5202300,RTX
2021-11-01,88.91000366210938,89.19000244140625,87.95999908447266,88.55000305175781,87.02692413330078,4588800,RTX
2021-11-02,88.52999877929688,88.80999755859375,87.19999694824219,87.80000305175781,86.2898178100586,4554100,RTX
2021-11-03,87.0199966430664,88.79000091552734,86.94999694824219,88.66999816894531,87.14485168457031,4148500,RTX
2021-11-04,88.33999633789062,89.08999633789062,87.76000213623047,88.05999755859375,86.54534149169922,3711700,RTX
2021-11-05,89.7699966430664,91.2300033569336,89.05999755859375,91.18000030517578,89.61168670654297,4330400,RTX
2021-11-08,91.30999755859375,91.66999816894531,90.30999755859375,90.70999908447266,89.1497573852539,4469100,RTX
2021-11-09,90.70999908447266,91.06999969482422,89.97000122070312,90.98999786376953,89.42494201660156,3372900,RTX
2021-11-10,91.0199966430664,91.44000244140625,90.13999938964844,90.18000030517578,88.62887573242188,3503200,RTX
2021-11-11,90.08000183105469,90.41999816894531,88.69000244140625,89.05000305175781,87.51831817626953,4993600,RTX
2021-11-12,89.18000030517578,89.25,88.62000274658203,88.86000061035156,87.33158111572266,3273100,RTX
2021-11-15,89.62999725341797,89.62999725341797,88.83999633789062,89.3499984741211,87.81315612792969,3423100,RTX
2021-11-16,89.2699966430664,89.81999969482422,88.80999755859375,88.9000015258789,87.37089538574219,4746200,RTX
2021-11-17,88.76000213623047,89.05000305175781,87.19000244140625,87.44999694824219,85.94583129882812,3910600,RTX
2021-11-18,87.19000244140625,87.79000091552734,86.33999633789062,86.91000366210938,85.91617584228516,4376300,RTX
2021-11-19,86.25,86.25,85.05999755859375,85.43000030517578,84.4531021118164,5478200,RTX
2021-11-22,85.80999755859375,87.63999938964844,85.68000030517578,86.80000305175781,85.80744171142578,6819800,RTX
2021-11-23,87.31999969482422,87.73999786376953,86.73999786376953,87.30999755859375,86.31159973144531,5950700,RTX
2021-11-24,86.93000030517578,87.4800033569336,86.68000030517578,87.19000244140625,86.19297790527344,3464500,RTX
2021-11-26,83.55999755859375,83.58999633789062,81.41999816894531,83.0,82.05088806152344,7113600,RTX
2021-11-29,84.08999633789062,84.44999694824219,82.5199966430664,82.94000244140625,81.9915771484375,5835000,RTX
2021-11-30,82.12000274658203,82.5,80.27999877929688,80.91999816894531,79.99466705322266,7966000,RTX
2021-12-01,82.13999938964844,82.13999938964844,79.0,79.05000305175781,78.14605712890625,8499000,RTX
2021-12-02,80.05000305175781,82.2300033569336,79.51000213623047,81.66000366210938,80.7262191772461,6409100,RTX
2021-12-03,81.61000061035156,82.12000274658203,80.12000274658203,81.11000061035156,80.1824951171875,6038900,RTX
2021-12-06,82.25,84.38999938964844,81.66999816894531,83.76000213623047,82.80220031738281,4964200,RTX
2021-12-07,84.43000030517578,85.80000305175781,84.05000305175781,85.01000213623047,84.03790283203125,5102900,RTX
2021-12-08,85.83999633789062,87.6500015258789,85.80000305175781,86.5,85.5108642578125,6749500,RTX
2021-12-09,86.0,86.56999969482422,85.5199966430664,86.16000366210938,85.17475891113281,4241900,RTX
2021-12-10,86.91000366210938,86.9800033569336,85.69999694824219,86.16000366210938,85.17475891113281,3294400,RTX
2021-12-13,85.44999694824219,85.94000244140625,84.04000091552734,84.33000183105469,83.36568450927734,4173900,RTX
2021-12-14,83.62999725341797,84.73999786376953,83.2300033569336,83.5,82.545166015625,6144700,RTX
2021-12-15,83.45999908447266,83.72000122070312,82.06999969482422,83.43000030517578,82.47596740722656,5388300,RTX
2021-12-16,84.26000213623047,84.5199966430664,82.45999908447266,82.69999694824219,81.75431060791016,4546300,RTX
2021-12-17,82.69999694824219,83.0199966430664,81.16999816894531,82.27999877929688,81.33911895751953,8892600,RTX
2021-12-20,81.02999877929688,81.3499984741211,79.69000244140625,81.02999877929688,80.10340881347656,5828400,RTX
2021-12-21,81.66999816894531,83.91999816894531,81.66999816894531,83.68000030517578,82.72311401367188,7301900,RTX
2021-12-22,83.4800033569336,84.75,83.43000030517578,84.06999969482422,83.10865020751953,3852800,RTX
2021-12-23,84.55999755859375,85.19999694824219,84.5199966430664,84.9000015258789,83.92916107177734,2650000,RTX
2021-12-27,84.72000122070312,85.4000015258789,84.23999786376953,85.23999786376953,84.26526641845703,2743700,RTX
2021-12-28,85.06999969482422,86.3499984741211,84.77999877929688,86.0199966430664,85.03634643554688,3220100,RTX
2021-12-29,85.58000183105469,86.06999969482422,85.22000122070312,85.88999938964844,84.9078369140625,2085300,RTX
2021-12-30,86.04000091552734,86.5,85.69999694824219,85.80000305175781,84.8188705444336,2459400,RTX
2021-12-31,85.7300033569336,86.33000183105469,85.5,86.05999755859375,85.07588958740234,2667700,RTX
2022-01-03,86.08000183105469,87.13999938964844,86.06999969482422,86.97000122070312,85.97549438476562,5169200,RTX
2022-01-04,87.87000274658203,90.06999969482422,87.69999694824219,90.0199966430664,88.99060821533203,6044200,RTX
2022-01-05,90.19999694824219,91.52999877929688,89.4000015258789,89.56999969482422,88.5457534790039,6833600,RTX
2022-01-06,90.4000015258789,90.93000030517578,89.61000061035156,90.05999755859375,89.0301513671875,5559000,RTX
2022-01-07,90.26000213623047,91.37000274658203,90.08999633789062,90.44000244140625,89.40581512451172,4835300,RTX
2022-01-10,90.68000030517578,90.79000091552734,89.23999786376953,89.7300033569336,88.70392608642578,4884200,RTX
2022-01-11,89.73999786376953,90.83999633789062,89.2699966430664,90.72000122070312,89.68260955810547,4529800,RTX
2022-01-12,91.0,91.55000305175781,90.83999633789062,91.06999969482422,90.02860260009766,4613100,RTX
2022-01-13,91.37999725341797,92.45999908447266,90.95999908447266,91.55999755859375,90.51300048828125,5026300,RTX
2022-01-14,91.05000305175781,92.4800033569336,90.72000122070312,92.33000183105469,91.27420043945312,4987400,RTX
2022-01-18,91.33000183105469,91.9000015258789,90.27999877929688,90.75,89.71226501464844,6010200,RTX
2022-01-19,90.7300033569336,91.33999633789062,89.58000183105469,89.69999694824219,88.67427062988281,4887800,RTX
2022-01-20,89.95999908447266,90.83000183105469,88.25,88.36000061035156,87.34959411621094,5354700,RTX
2022-01-21,88.5199966430664,88.80999755859375,86.81999969482422,87.20999908447266,86.2127456665039,5846500,RTX
2022-01-24,85.7699966430664,88.30000305175781,84.80000305175781,88.12000274658203,87.11234283447266,8849700,RTX
2022-01-25,85.0,91.29000091552734,85.0,90.30999755859375,89.27729034423828,10377400,RTX
2022-01-26,89.9800033569336,91.5199966430664,87.47000122070312,88.9800033569336,87.96250915527344,9829100,RTX
2022-01-27,89.91999816894531,91.4800033569336,88.4000015258789,89.27999877929688,88.25907897949219,6998700,RTX
2022-01-28,88.97000122070312,90.37000274658203,87.4800033569336,90.33000183105469,89.29707336425781,5877600,RTX
2022-01-31,89.61000061035156,90.41000366210938,89.01000213623047,90.19000244140625,89.1586685180664,6419700,RTX
2022-02-01,90.0999984741211,90.94000244140625,89.2699966430664,90.7300033569336,89.69249725341797,6558400,RTX
2022-02-02,90.30000305175781,92.69000244140625,90.25,92.54000091552734,91.48179626464844,5978600,RTX
2022-02-03,92.1500015258789,92.98999786376953,91.62000274658203,92.80999755859375,91.74870300292969,7171700,RTX
2022-02-04,92.36000061035156,93.9000015258789,92.11000061035156,93.01000213623047,91.94641876220703,6321400,RTX
2022-02-07,93.45999908447266,94.7300033569336,93.01000213623047,94.02999877929688,92.95475769042969,4932700,RTX
2022-02-08,93.83000183105469,95.31999969482422,92.87000274658203,95.06999969482422,93.98286437988281,8173200,RTX
2022-02-09,96.02999877929688,96.31999969482422,95.4800033569336,96.0,94.90222930908203,5394900,RTX
2022-02-10,95.31999969482422,96.95999908447266,94.55000305175781,95.05999755859375,93.97297668457031,6534300,RTX
2022-02-11,95.25,96.05000305175781,94.08000183105469,95.2699966430664,94.18058013916016,6532900,RTX
2022-02-14,95.51000213623047,95.5999984741211,92.88999938964844,93.56999969482422,92.5000228881836,6419200,RTX
2022-02-15,93.58999633789062,94.9000015258789,93.56999969482422,94.04000091552734,92.96464538574219,4616000,RTX
2022-02-16,94.01000213623047,95.2699966430664,93.91999816894531,94.75,93.66651916503906,4560900,RTX
2022-02-17,93.97000122070312,95.16999816894531,93.44000244140625,94.36000061035156,93.2809829711914,5753300,RTX
2022-02-18,94.13999938964844,95.01000213623047,92.98999786376953,93.37000274658203,92.30230712890625,6544800,RTX
2022-02-22,93.62000274658203,94.73999786376953,92.79000091552734,93.54000091552734,92.4703598022461,5862200,RTX
2022-02-23,94.30000305175781,94.52999877929688,92.05000305175781,92.23999786376953,91.18521881103516,6903300,RTX
2022-02-24,93.0,94.6500015258789,89.30999755859375,94.25,93.69026184082031,9698500,RTX
2022-02-25,94.38999938964844,98.2699966430664,94.19999694824219,98.12000274658203,97.53727722167969,8692300,RTX
2022-02-28,99.0199966430664,102.95999908447266,98.4000015258789,102.69999694824219,102.09007263183594,16726100,RTX
2022-03-01,102.7699966430664,104.33999633789062,102.18000030517578,102.7300033569336,102.11990356445312,12340900,RTX
2022-03-02,102.19999694824219,102.51000213623047,99.77999877929688,100.73999786376953,100.14171600341797,12834600,RTX
2022-03-03,101.05999755859375,101.3499984741211,98.62999725341797,99.83000183105469,99.23712158203125,8613500,RTX
2022-03-04,99.94999694824219,99.94999694824219,98.2300033569336,99.58999633789062,98.99854278564453,8627200,RTX
2022-03-07,101.29000091552734,103.0999984741211,98.12000274658203,98.19000244140625,97.60686492919922,12759000,RTX
2022-03-08,98.01000213623047,98.4000015258789,94.69000244140625,94.8499984741211,94.28669738769531,9410600,RTX
2022-03-09,95.25,99.08000183105469,95.25,98.5199966430664,97.93489837646484,7100500,RTX
2022-03-10,98.16999816894531,99.80000305175781,97.66000366210938,98.51000213623047,97.92496490478516,5118400,RTX
2022-03-11,98.77999877929688,99.75,96.80000305175781,96.91999816894531,96.34439849853516,4354300,RTX
2022-03-14,97.16999816894531,97.66000366210938,95.41000366210938,97.04000091552734,96.46369171142578,5581700,RTX
2022-03-15,97.87999725341797,98.0999984741211,96.56999969482422,97.62000274658203,97.04024505615234,5417600,RTX
2022-03-16,97.04000091552734,97.63999938964844,94.06999969482422,95.80000305175781,95.2310562133789,8813000,RTX
2022-03-17,96.5999984741211,97.79000091552734,95.83000183105469,97.75,97.16947174072266,6537200,RTX
2022-03-18,98.0,98.27999877929688,96.33000183105469,97.5199966430664,96.94083404541016,10438500,RTX
2022-03-21,97.83999633789062,100.81999969482422,97.80000305175781,99.94000244140625,99.34647369384766,6673700,RTX
2022-03-22,99.80000305175781,101.62999725341797,98.91000366210938,101.37999725341797,100.77791595458984,6048300,RTX
2022-03-23,101.16000366210938,102.4800033569336,101.11000061035156,101.2300033569336,100.6288070678711,4471800,RTX
2022-03-24,101.66000366210938,102.19999694824219,101.12999725341797,101.70999908447266,101.10595703125,3894600,RTX
2022-03-25,102.0,102.97000122070312,101.91999816894531,102.43000030517578,101.8216781616211,3521400,RTX
2022-03-28,101.66999816894531,102.16000366210938,100.91999816894531,101.58999633789062,100.98666381835938,4053300,RTX
2022-03-29,100.8499984741211,101.4000015258789,99.37000274658203,101.08000183105469,100.47969818115234,5038200,RTX
2022-03-30,101.62999725341797,102.37999725341797,99.76000213623047,100.83000183105469,100.23118591308594,5168100,RTX
2022-03-31,99.27999877929688,100.91000366210938,99.0,99.06999969482422,98.48163604736328,5505600,RTX
2022-04-01,99.76000213623047,100.44999694824219,98.9800033569336,100.16999816894531,99.5750961303711,3608600,RTX
2022-04-04,100.12000274658203,100.4000015258789,98.55999755859375,99.30000305175781,98.71027374267578,3812300,RTX
2022-04-05,99.4800033569336,100.51000213623047,98.61000061035156,98.80999755859375,98.22317504882812,4217100,RTX
2022-04-06,98.31999969482422,99.27999877929688,98.12999725341797,98.45999908447266,97.87525939941406,5260800,RTX
2022-04-07,98.25,101.2699966430664,97.9000015258789,100.9800033569336,100.38029479980469,6151500,RTX
2022-04-08,101.9800033569336,102.73999786376953,100.06999969482422,100.4000015258789,99.8037338256836,4811400,RTX
2022-04-11,100.63999938964844,102.94999694824219,100.63999938964844,102.11000061035156,101.50357818603516,5707600,RTX
2022-04-12,102.18000030517578,103.9800033569336,102.06999969482422,102.5999984741211,101.99066925048828,4839200,RTX
2022-04-13,103.31999969482422,104.44999694824219,102.63999938964844,103.37000274658203,102.756103515625,5351900,RTX
2022-04-14,103.88999938964844,104.9800033569336,103.66999816894531,104.2699966430664,103.65074920654297,4027400,RTX
2022-04-18,104.26000213623047,105.45999908447266,103.91000366210938,104.30000305175781,103.68058013916016,3873300,RTX
2022-04-19,104.44000244140625,105.66000366210938,104.16000366210938,104.55000305175781,103.92909240722656,4572800,RTX
2022-04-20,105.68000030517578,106.0199966430664,104.27999877929688,104.97000122070312,104.34659576416016,4232200,RTX
2022-04-21,105.8499984741211,106.0199966430664,101.4000015258789,101.7300033569336,101.12583923339844,5795300,RTX
2022-04-22,101.44999694824219,102.55999755859375,100.37000274658203,100.48999786376953,99.89319610595703,4683300,RTX
2022-04-25,99.8499984741211,99.91999816894531,97.56999969482422,99.61000061035156,99.01842498779297,5612500,RTX
2022-04-26,96.9000015258789,100.94999694824219,96.77999877929688,99.19000244140625,98.60092163085938,7199200,RTX
2022-04-27,99.22000122070312,99.91000366210938,97.5999984741211,98.83999633789062,98.25299835205078,6632100,RTX
2022-04-28,99.0,99.26000213623047,96.9000015258789,98.08000183105469,97.49751281738281,6544200,RTX
2022-04-29,98.47000122070312,98.88999938964844,94.61000061035156,94.91000366210938,94.34634399414062,5883000,RTX
2022-05-02,94.51000213623047,95.33000183105469,92.4000015258789,94.22000122070312,93.66043853759766,7870600,RTX
2022-05-03,95.18000030517578,96.12999725341797,94.31999969482422,95.4000015258789,94.83343505859375,5612200,RTX
2022-05-04,94.98999786376953,98.0199966430664,94.94999694824219,97.76000213623047,97.17941284179688,6160800,RTX
2022-05-05,97.80000305175781,98.19999694824219,95.41000366210938,96.31999969482422,95.74796295166016,5906500,RTX
2022-05-06,95.70999908447266,96.05000305175781,93.72000122070312,95.30000305175781,94.73402404785156,5295000,RTX
2022-05-09,94.52999877929688,94.79000091552734,91.25,91.75,91.20510864257812,6071900,RTX
2022-05-10,92.44000244140625,93.86000061035156,91.36000061035156,91.69000244140625,91.14546203613281,7526300,RTX
2022-05-11,91.2699966430664,94.12999725341797,90.80999755859375,91.0,90.45956420898438,6493900,RTX
2022-05-12,90.8499984741211,92.47000122070312,89.94000244140625,91.4800033569336,90.93671417236328,6356200,RTX
2022-05-13,92.05000305175781,92.61000061035156,91.08999633789062,91.91999816894531,91.37409210205078,5465600,RTX
2022-05-16,91.8499984741211,93.54000091552734,91.80999755859375,92.4800033569336,91.93077850341797,5158500,RTX
2022-05-17,94.33000183105469,95.13999938964844,93.5,94.94999694824219,94.38610076904297,4447200,RTX
2022-05-18,94.33000183105469,95.19999694824219,92.27999877929688,92.61000061035156,92.05999755859375,5843100,RTX
2022-05-19,91.37999725341797,92.45999908447266,89.54000091552734,90.25,90.25,5234700,RTX
2022-05-20,90.83999633789062,91.16999816894531,88.43000030517578,90.08000183105469,90.08000183105469,6585500,RTX
2022-05-23,90.5999984741211,92.0199966430664,90.0,91.83000183105469,91.83000183105469,4701300,RTX
2022-05-24,91.19999694824219,93.41999816894531,90.47000122070312,93.20999908447266,93.20999908447266,5932000,RTX
2022-05-25,93.31999969482422,94.0999984741211,92.58999633789062,93.55999755859375,93.55999755859375,3742000,RTX
2022-05-26,94.5199966430664,95.86000061035156,94.11000061035156,95.0,95.0,5545800,RTX
2022-05-27,95.62999725341797,96.72000122070312,95.19999694824219,96.70999908447266,96.70999908447266,3394200,RTX
2022-05-31,95.36000061035156,95.97000122070312,94.62999725341797,95.12000274658203,95.12000274658203,6478700,RTX
2022-06-01,96.01000213623047,96.27999877929688,94.0999984741211,94.80999755859375,94.80999755859375,4245900,RTX
2022-06-02,95.7699966430664,96.30999755859375,94.05999755859375,96.23999786376953,96.23999786376953,3460300,RTX
2022-06-03,95.36000061035156,96.62000274658203,95.29000091552734,96.33000183105469,96.33000183105469,2837000,RTX
2022-06-06,96.98999786376953,97.48999786376953,96.38999938964844,97.20999908447266,97.20999908447266,3080300,RTX
2022-06-07,97.18000030517578,100.68000030517578,96.66000366210938,100.51000213623047,100.51000213623047,5634600,RTX
2022-06-08,99.7300033569336,100.33000183105469,98.95999908447266,99.2300033569336,99.2300033569336,6666600,RTX
2022-06-09,98.33000183105469,99.16999816894531,97.31999969482422,97.37999725341797,97.37999725341797,4566900,RTX
2022-06-10,95.81999969482422,96.69000244140625,94.44999694824219,95.48999786376953,95.48999786376953,5615900,RTX
2022-06-13,93.48999786376953,93.52999877929688,91.37999725341797,91.94999694824219,91.94999694824219,5419200,RTX
2022-06-14,92.43000030517578,92.70999908447266,90.7300033569336,91.31999969482422,91.31999969482422,3977900,RTX
2022-06-15,92.0999984741211,93.19000244140625,90.80000305175781,92.27999877929688,92.27999877929688,4139200,RTX
2022-06-16,91.05000305175781,91.18000030517578,89.01000213623047,89.5199966430664,89.5199966430664,4517700,RTX
2022-06-17,89.45999908447266,90.01000213623047,87.61000061035156,88.87999725341797,88.87999725341797,7577200,RTX
2022-06-21,90.8499984741211,93.3499984741211,90.11000061035156,92.91999816894531,92.91999816894531,5834200,RTX
2022-06-22,91.19999694824219,93.81999969482422,91.08000183105469,92.55999755859375,92.55999755859375,4481500,RTX
2022-06-23,92.5,93.31999969482422,90.7699966430664,91.76000213623047,91.76000213623047,3310500,RTX
2022-06-24,92.5,94.37000274658203,91.87999725341797,94.19999694824219,94.19999694824219,4782200,RTX
2022-06-27,94.44000244140625,95.05000305175781,93.83999633789062,94.80999755859375,94.80999755859375,2942600,RTX
2022-06-28,95.43000030517578,96.79000091552734,93.68000030517578,93.77999877929688,93.77999877929688,3358800,RTX
2022-06-29,94.22000122070312,94.30000305175781,92.30000305175781,93.30000305175781,93.30000305175781,2504100,RTX
2021-08-24,364.45001220703125,364.45001220703125,362.2699890136719,362.7699890136719,356.8941955566406,318800,NOC
2021-08-25,362.95001220703125,364.4200134277344,361.6600036621094,362.6600036621094,356.7859802246094,416600,NOC
2021-08-26,362.1300048828125,367.0400085449219,360.7799987792969,366.760009765625,360.819580078125,739600,NOC
2021-08-27,367.0899963378906,368.4599914550781,363.54998779296875,364.8399963378906,360.4737548828125,553700,NOC
2021-08-30,364.75,369.29998779296875,363.9100036621094,367.6199951171875,363.2204895019531,541100,NOC
2021-08-31,367.3699951171875,367.9100036621094,364.1400146484375,367.70001220703125,363.299560546875,782300,NOC
2021-09-01,367.8900146484375,367.8900146484375,364.6000061035156,364.9800109863281,360.61212158203125,508300,NOC
2021-09-02,365.0,368.3999938964844,365.0,368.29998779296875,363.8923645019531,665600,NOC
2021-09-03,367.760009765625,368.2699890136719,365.42999267578125,365.92999267578125,361.55072021484375,379400,NOC
2021-09-07,363.5400085449219,365.5199890136719,358.57000732421875,358.8800048828125,354.5850830078125,869100,NOC
2021-09-08,358.7699890136719,362.489990234375,358.3900146484375,360.3999938964844,356.0868835449219,560100,NOC
2021-09-09,360.3299865722656,361.7900085449219,356.70001220703125,356.7799987792969,352.5102233886719,1259200,NOC
2021-09-10,357.8500061035156,358.1099853515625,352.8599853515625,354.1000061035156,349.8623046875,669300,NOC
2021-09-13,355.739990234375,357.54998779296875,349.760009765625,353.70001220703125,349.46710205078125,647800,NOC
2021-09-14,355.05999755859375,355.82000732421875,349.1099853515625,351.7300109863281,347.5206604003906,848300,NOC
2021-09-15,352.010009765625,357.20001220703125,351.42999267578125,355.739990234375,351.4826965332031,611500,NOC
2021-09-16,356.760009765625,357.1099853515625,349.260009765625,349.6600036621094,345.4754638671875,584300,NOC
2021-09-17,350.8800048828125,355.75,347.0199890136719,350.239990234375,346.0484924316406,1901700,NOC
2021-09-20,346.9700012207031,351.6499938964844,345.1600036621094,348.80999755859375,344.6355895996094,634800,NOC
2021-09-21,348.8299865722656,350.3500061035156,344.8900146484375,345.1400146484375,341.0095520019531,535200,NOC
2021-09-22,347.0299987792969,350.4700012207031,345.82000732421875,348.5199890136719,344.3490905761719,585700,NOC
2021-09-23,351.0899963378906,352.79998779296875,348.25,350.9100036621094,346.71051025390625,845100,NOC
2021-09-24,352.1600036621094,357.1400146484375,351.6199951171875,355.70001220703125,351.44317626953125,608700,NOC
2021-09-27,356.6400146484375,361.3299865722656,356.6400146484375,357.2099914550781,352.93505859375,613100,NOC
2021-09-28,356.7099914550781,361.0,356.3999938964844,358.29998779296875,354.0120544433594,767200,NOC
2021-09-29,358.7799987792969,366.0,355.80999755859375,362.9800109863281,358.63604736328125,762300,NOC
2021-09-30,363.5899963378906,364.6400146484375,359.8900146484375,360.1499938964844,355.8398742675781,981600,NOC
2021-10-01,361.7300109863281,362.8900146484375,356.4800109863281,360.9200134277344,356.6007080078125,587800,NOC
2021-10-04,361.6499938964844,367.2900085449219,361.489990234375,365.6700134277344,361.2938537597656,893800,NOC
2021-10-05,365.3800048828125,371.2699890136719,363.79998779296875,369.8800048828125,365.4534606933594,569700,NOC
2021-10-06,368.70001220703125,377.4700012207031,366.57000732421875,377.32000732421875,372.8044128417969,839900,NOC
2021-10-07,378.0,383.8500061035156,378.0,382.70001220703125,378.12005615234375,696200,NOC
2021-10-08,383.2200012207031,390.94000244140625,382.0199890136719,389.7200012207031,385.0559997558594,690300,NOC
2021-10-11,390.0400085449219,396.5799865722656,387.8399963378906,393.1600036621094,388.4548645019531,790200,NOC
2021-10-12,392.6199951171875,394.6499938964844,389.0899963378906,390.07000732421875,385.40185546875,715100,NOC
2021-10-13,389.4800109863281,389.9200134277344,383.5799865722656,388.70001220703125,384.0482482910156,671100,NOC
2021-10-14,390.29998779296875,392.82000732421875,388.94000244140625,389.94000244140625,385.27337646484375,514700,NOC
2021-10-15,391.0799865722656,396.7200012207031,391.0799865722656,395.3599853515625,390.6285400390625,665000,NOC
2021-10-18,393.8999938964844,396.82000732421875,392.5400085449219,393.8900146484375,389.1761169433594,422500,NOC
2021-10-19,395.57000732421875,399.3299865722656,392.8299865722656,399.29998779296875,394.5213623046875,445800,NOC
2021-10-20,398.739990234375,402.010009765625,397.510009765625,400.8800048828125,396.0824890136719,340300,NOC
2021-10-21,400.0,403.3599853515625,396.9700012207031,402.7699890136719,397.9498291015625,398800,NOC
2021-10-22,403.69000244140625,406.30999755859375,400.3699951171875,406.2099914550781,401.3486633300781,524000,NOC
2021-10-25,405.6199951171875,408.0299987792969,403.57000732421875,406.6199951171875,401.7537536621094,473900,NOC
2021-10-26,394.6099853515625,398.75,392.67999267578125,396.57000732421875,391.82403564453125,1590200,NOC
2021-10-27,395.1600036621094,396.0400085449219,387.4700012207031,388.1499938964844,383.50482177734375,1009200,NOC
2021-10-28,380.55999755859375,381.3500061035156,354.1499938964844,358.6400146484375,354.3479919433594,2011200,NOC
2021-10-29,352.0,359.6600036621094,352.0,357.2200012207031,352.9449768066406,1351100,NOC
2021-11-01,357.0,360.79998779296875,352.9200134277344,354.8500061035156,350.60333251953125,777800,NOC
2021-11-02,357.0,358.2699890136719,350.3399963378906,353.20001220703125,348.97308349609375,933300,NOC
2021-11-03,350.0199890136719,354.75,349.5,354.1099853515625,349.8721923828125,675300,NOC
2021-11-04,353.2699890136719,359.5400085449219,353.2699890136719,356.6600036621094,352.39166259765625,988900,NOC
2021-11-05,361.0,366.5400085449219,358.5299987792969,364.3699951171875,360.0093994140625,1105800,NOC
2021-11-08,365.0,365.4599914550781,360.3599853515625,363.2699890136719,358.92254638671875,523900,NOC
2021-11-09,363.70001220703125,365.95001220703125,360.6300048828125,364.5199890136719,360.1575927734375,550400,NOC
2021-11-10,363.7900085449219,366.8999938964844,361.3699951171875,362.1000061035156,357.7665710449219,562500,NOC
2021-11-11,361.04998779296875,361.6000061035156,357.0,359.94000244140625,355.6324157714844,475400,NOC
2021-11-12,359.6099853515625,360.8800048828125,358.3800048828125,359.6499938964844,355.34588623046875,493300,NOC
2021-11-15,360.5,361.5899963378906,359.2699890136719,360.0,355.6916809082031,961600,NOC
2021-11-16,360.4599914550781,361.2300109863281,354.57000732421875,354.6000061035156,350.3563232421875,801100,NOC
2021-11-17,355.44000244140625,356.7799987792969,353.760009765625,353.9599914550781,349.7239685058594,784800,NOC
2021-11-18,354.3599853515625,354.3599853515625,345.8999938964844,351.4200134277344,347.2143859863281,1438900,NOC
2021-11-19,351.6300048828125,354.5,347.69000244140625,353.1300048828125,348.9039306640625,789000,NOC
2021-11-22,354.44000244140625,365.3399963378906,353.3299865722656,363.1499938964844,358.80401611328125,943000,NOC
2021-11-23,363.5899963378906,368.25,362.010009765625,364.2099914550781,359.851318359375,776000,NOC
2021-11-24,364.3900146484375,368.29998779296875,360.79998779296875,361.3699951171875,357.0452880859375,607000,NOC
2021-11-26,352.7900085449219,357.2900085449219,351.7300109863281,353.9800109863281,351.2698974609375,524200,NOC
2021-11-29,355.32000732421875,358.79998779296875,352.6300048828125,356.3900146484375,353.66143798828125,532700,NOC
2021-11-30,354.1099853515625,354.7900085449219,348.3299865722656,348.79998779296875,346.1294860839844,1276200,NOC
2021-12-01,349.6199951171875,352.9200134277344,345.9100036621094,345.9800109863281,343.33111572265625,712000,NOC
2021-12-02,348.44000244140625,355.79998779296875,347.8699951171875,352.57000732421875,349.87066650390625,700700,NOC
2021-12-03,352.6000061035156,358.1600036621094,352.6000061035156,357.8399963378906,355.10028076171875,746400,NOC
2021-12-06,361.2200012207031,367.3599853515625,360.010009765625,363.9599914550781,361.1734313964844,1096000,NOC
2021-12-07,363.1300048828125,365.07000732421875,360.75,362.6700134277344,359.8933410644531,919200,NOC
2021-12-08,363.5400085449219,367.3299865722656,362.3599853515625,364.0899963378906,361.30242919921875,467400,NOC
2021-12-09,362.5899963378906,368.3500061035156,360.8900146484375,367.8599853515625,365.0435791015625,753700,NOC
2021-12-10,368.20001220703125,371.8599853515625,366.0,371.05999755859375,368.2190856933594,480300,NOC
2021-12-13,371.2200012207031,378.95001220703125,370.8999938964844,377.3299865722656,374.4410705566406,904700,NOC
2021-12-14,376.6499938964844,382.32000732421875,375.4800109863281,376.2200012207031,373.339599609375,906700,NOC
2021-12-15,376.739990234375,379.6600036621094,374.20001220703125,378.82000732421875,375.919677734375,672000,NOC
2021-12-16,380.19000244140625,383.07000732421875,377.5199890136719,378.7200012207031,375.8204345703125,721400,NOC
2021-12-17,379.4800109863281,380.5400085449219,376.5299987792969,377.4599914550781,374.570068359375,1139400,NOC
2021-12-20,376.2099914550781,377.1700134277344,367.0,369.95001220703125,367.11761474609375,860800,NOC
2021-12-21,371.42999267578125,380.19000244140625,370.9800109863281,378.489990234375,375.5921936035156,798300,NOC
2021-12-22,378.489990234375,381.0,378.489990234375,379.80999755859375,376.9021301269531,715200,NOC
2021-12-23,380.5199890136719,384.1700134277344,380.010009765625,381.1700134277344,378.251708984375,610500,NOC
2021-12-27,381.489990234375,384.82000732421875,381.19000244140625,384.2099914550781,381.2684020996094,362200,NOC
2021-12-28,382.70001220703125,387.95001220703125,382.010009765625,385.3299865722656,382.37982177734375,307800,NOC
2021-12-29,385.3299865722656,386.75,384.2200012207031,384.989990234375,382.0424499511719,365200,NOC
2021-12-30,385.75,387.7300109863281,384.20001220703125,384.5299987792969,381.5859680175781,375900,NOC
2021-12-31,384.010009765625,388.2099914550781,383.989990234375,387.07000732421875,384.1065368652344,414100,NOC
2022-01-03,386.95001220703125,388.07000732421875,382.739990234375,385.5299987792969,382.57830810546875,662100,NOC
2022-01-04,387.5400085449219,397.8500061035156,387.5400085449219,396.989990234375,393.9505615234375,740500,NOC
2022-01-05,391.0400085449219,399.57000732421875,390.17999267578125,394.989990234375,391.96588134765625,1072500,NOC
2022-01-06,397.55999755859375,399.8299865722656,394.3999938964844,397.2699890136719,394.2283935546875,764300,NOC
2022-01-07,398.32000732421875,401.1499938964844,396.0799865722656,400.4200134277344,397.3543395996094,908600,NOC
2022-01-10,405.0,406.8399963378906,399.239990234375,402.2300109863281,399.15045166015625,1018100,NOC
2022-01-11,397.70001220703125,401.69000244140625,395.5,400.6000061035156,397.5329284667969,605000,NOC
2022-01-12,401.32000732421875,402.2300109863281,393.6499938964844,395.5299987792969,392.50177001953125,714800,NOC
2022-01-13,395.5299987792969,399.8699951171875,394.3699951171875,397.6099853515625,394.5657958984375,665300,NOC
2022-01-14,397.2799987792969,404.0,395.8800048828125,403.45001220703125,400.3611145019531,936100,NOC
2022-01-18,403.3399963378906,404.0,395.8900146484375,401.6300048828125,398.5550537109375,774800,NOC
2022-01-19,403.04998779296875,408.9700012207031,401.4800109863281,401.6499938964844,398.57489013671875,570100,NOC
2022-01-20,401.489990234375,404.3999938964844,396.9800109863281,397.4100036621094,394.36737060546875,843900,NOC
2022-01-21,399.760009765625,407.6000061035156,397.82000732421875,398.80999755859375,395.7566223144531,928100,NOC
2022-01-24,398.0,404.75,394.7300109863281,403.05999755859375,399.9740905761719,1303300,NOC
2022-01-25,399.7099914550781,405.57000732421875,393.010009765625,403.17999267578125,400.09320068359375,987700,NOC
2022-01-26,402.5199890136719,408.75,399.19000244140625,403.2300109863281,400.1427917480469,1111000,NOC
2022-01-27,389.75,391.20001220703125,371.3599853515625,373.989990234375,371.1266784667969,1797900,NOC
2022-01-28,370.45001220703125,380.739990234375,369.3399963378906,380.20001220703125,377.28912353515625,921000,NOC
2022-01-31,376.760009765625,378.1400146484375,366.8800048828125,369.8999938964844,367.0679931640625,1141900,NOC
2022-02-01,369.8900146484375,371.92999267578125,364.6199951171875,370.5799865722656,367.74273681640625,898400,NOC
2022-02-02,367.3999938964844,371.9200134277344,365.25,370.9800109863281,368.13970947265625,764800,NOC
2022-02-03,372.5,374.79998779296875,368.0,373.80999755859375,370.9480285644531,676100,NOC
2022-02-04,372.29998779296875,374.9200134277344,367.0,369.75,366.91912841796875,532400,NOC
2022-02-07,370.5400085449219,375.6000061035156,368.2099914550781,373.1600036621094,370.30303955078125,539800,NOC
2022-02-08,374.2900085449219,380.0,371.6600036621094,379.32000732421875,376.4158630371094,607500,NOC
2022-02-09,380.1099853515625,384.6700134277344,379.6199951171875,384.3599853515625,381.4172668457031,702800,NOC
2022-02-10,382.760009765625,386.3399963378906,379.92999267578125,382.0199890136719,379.0951843261719,906000,NOC
2022-02-11,382.989990234375,401.2200012207031,380.260009765625,399.32000732421875,396.26275634765625,1772600,NOC
2022-02-14,397.0,397.3399963378906,382.7799987792969,390.6000061035156,387.6094970703125,1709900,NOC
2022-02-15,387.17999267578125,388.9200134277344,380.29998779296875,384.7699890136719,381.8240966796875,787600,NOC
2022-02-16,384.989990234375,394.260009765625,384.79998779296875,393.6600036621094,390.64605712890625,1086100,NOC
2022-02-17,392.7699890136719,401.3599853515625,391.4100036621094,398.1099853515625,395.0619812011719,887800,NOC
2022-02-18,397.5,399.4700012207031,391.07000732421875,391.25,388.2545166015625,1472200,NOC
2022-02-22,394.8699951171875,396.510009765625,386.8800048828125,390.7300109863281,387.7384948730469,719200,NOC
2022-02-23,392.3999938964844,394.6000061035156,384.8399963378906,386.0799865722656,383.12408447265625,666100,NOC
2022-02-24,395.6199951171875,402.8999938964844,389.989990234375,395.489990234375,392.4620361328125,1548300,NOC
2022-02-25,393.3399963378906,411.0799865722656,393.3399963378906,409.6700134277344,408.1537780761719,1260000,NOC
2022-02-28,414.30999755859375,442.94000244140625,413.92999267578125,442.1400146484375,440.50360107421875,2603800,NOC
2022-03-01,444.3299865722656,457.0899963378906,443.7200012207031,456.1000061035156,454.41192626953125,2236300,NOC
2022-03-02,451.7699890136719,457.5400085449219,436.05999755859375,453.3900146484375,451.71197509765625,1784400,NOC
2022-03-03,452.3999938964844,455.0899963378906,441.3699951171875,449.69000244140625,448.0256652832031,1426100,NOC
2022-03-04,454.1400146484375,472.94000244140625,450.010009765625,468.57000732421875,466.8357849121094,1675700,NOC
2022-03-07,472.4200134277344,490.82000732421875,471.95001220703125,477.95001220703125,476.1810607910156,2401800,NOC
2022-03-08,476.1600036621094,477.7900085449219,448.20001220703125,449.2099914550781,447.54742431640625,2448200,NOC
2022-03-09,441.5199890136719,456.8399963378906,437.45001220703125,449.9200134277344,448.25482177734375,1730700,NOC
2022-03-10,450.489990234375,463.1199951171875,441.8399963378906,444.6099853515625,442.9644470214844,1442900,NOC
2022-03-11,447.67999267578125,449.8599853515625,435.69000244140625,436.29998779296875,434.6852111816406,1175900,NOC
2022-03-14,439.29998779296875,442.6499938964844,431.2300109863281,441.4200134277344,439.7862854003906,913600,NOC
2022-03-15,443.5400085449219,448.3699951171875,436.8699951171875,447.82000732421875,446.16259765625,827500,NOC
2022-03-16,430.4200134277344,443.1099853515625,416.2300109863281,424.42999267578125,422.859130859375,1878000,NOC
2022-03-17,431.0400085449219,434.989990234375,424.6199951171875,428.79998779296875,427.21295166015625,978400,NOC
2022-03-18,428.0400085449219,433.4100036621094,424.3500061035156,427.95001220703125,426.3661193847656,1826100,NOC
2022-03-21,435.239990234375,448.2699890136719,432.1099853515625,446.6000061035156,444.9471130371094,1293500,NOC
2022-03-22,447.1099853515625,448.0,438.5400085449219,446.29998779296875,444.648193359375,741300,NOC
2022-03-23,448.0,452.0,442.5199890136719,446.9200134277344,445.26593017578125,587100,NOC
2022-03-24,446.989990234375,455.1400146484375,446.0799865722656,454.57000732421875,452.8876037597656,665100,NOC
2022-03-25,453.3599853515625,460.42999267578125,453.3599853515625,458.17999267578125,456.4842224121094,480000,NOC
2022-03-28,453.8599853515625,455.79998779296875,444.6000061035156,446.79998779296875,445.1463317871094,661200,NOC
2022-03-29,434.69000244140625,450.6099853515625,431.3800048828125,446.30999755859375,444.6581726074219,893800,NOC
2022-03-30,449.489990234375,456.489990234375,448.489990234375,453.3299865722656,451.65216064453125,624000,NOC
2022-03-31,449.9700012207031,457.92999267578125,446.70001220703125,447.2200012207031,445.5647888183594,648000,NOC
2022-04-01,446.5799865722656,454.8599853515625,444.05999755859375,454.7900085449219,453.1067810058594,699200,NOC
2022-04-04,455.42999267578125,456.54998779296875,444.3699951171875,452.2900085449219,450.61602783203125,713300,NOC
2022-04-05,450.489990234375,463.5,450.489990234375,454.010009765625,452.3296813964844,576200,NOC
2022-04-06,455.0,466.4200134277344,454.8800048828125,461.4599914550781,459.7520751953125,806400,NOC
2022-04-07,460.0,472.6400146484375,459.0299987792969,470.7699890136719,469.0276184082031,761600,NOC
2022-04-08,472.760009765625,477.260009765625,459.3500061035156,463.6600036621094,461.9439697265625,909500,NOC
2022-04-11,466.3800048828125,470.95001220703125,461.70001220703125,462.1400146484375,460.4295959472656,869000,NOC
2022-04-12,463.30999755859375,466.67999267578125,459.32000732421875,463.2799987792969,461.56536865234375,632600,NOC
2022-04-13,468.0,470.05999755859375,460.3299865722656,464.5199890136719,462.8007507324219,563000,NOC
2022-04-14,468.4800109863281,470.25,463.3399963378906,467.20001220703125,465.4708557128906,1120300,NOC
2022-04-18,467.20001220703125,473.3699951171875,462.0799865722656,465.5799865722656,463.8568420410156,569300,NOC
2022-04-19,465.70001220703125,473.8500061035156,463.4800109863281,464.4100036621094,462.6911926269531,542500,NOC
2022-04-20,465.9100036621094,469.1300048828125,462.4800109863281,463.3999938964844,461.6849060058594,603500,NOC
2022-04-21,464.6499938964844,465.5299987792969,443.0299987792969,443.45001220703125,441.80877685546875,947900,NOC
2022-04-22,443.739990234375,456.6600036621094,443.6700134277344,447.3999938964844,445.744140625,727000,NOC
2022-04-25,443.989990234375,445.0,434.1499938964844,444.0199890136719,442.3766174316406,608200,NOC
2022-04-26,444.67999267578125,452.4800109863281,440.4100036621094,442.510009765625,440.87225341796875,614300,NOC
2022-04-27,444.17999267578125,450.69000244140625,439.7699890136719,439.7699890136719,438.1423645019531,838400,NOC
2022-04-28,437.0,449.7799987792969,432.3900146484375,445.1700134277344,443.52239990234375,1112400,NOC
2022-04-29,447.6099853515625,449.3399963378906,438.0299987792969,439.3999938964844,437.77374267578125,945600,NOC
2022-05-02,437.1199951171875,444.6300048828125,431.9200134277344,438.6199951171875,436.9966125488281,759900,NOC
2022-05-03,444.45001220703125,453.2300109863281,439.69000244140625,451.25,449.57989501953125,1076000,NOC
2022-05-04,453.57000732421875,464.0,450.2699890136719,462.57000732421875,460.8580017089844,792100,NOC
2022-05-05,463.239990234375,470.2300109863281,457.1499938964844,466.6600036621094,464.932861328125,1559700,NOC
2022-05-06,464.3800048828125,469.4599914550781,457.67999267578125,468.70001220703125,466.9653015136719,925400,NOC
2022-05-09,465.9599914550781,466.9200134277344,452.3500061035156,453.9800109863281,452.2998046875,880700,NOC
2022-05-10,452.45001220703125,456.3500061035156,447.1400146484375,449.9700012207031,448.30462646484375,924000,NOC
2022-05-11,449.67999267578125,458.3699951171875,445.07000732421875,446.4800109863281,444.8275451660156,805100,NOC
2022-05-12,448.1199951171875,450.9100036621094,442.70001220703125,450.7799987792969,449.11163330078125,942000,NOC
2022-05-13,451.7300109863281,454.45001220703125,447.3399963378906,452.8299865722656,451.1540222167969,576900,NOC
2022-05-16,453.6700134277344,461.32000732421875,452.95001220703125,458.0799865722656,456.38458251953125,586600,NOC
2022-05-17,458.5799865722656,462.2099914550781,453.4800109863281,459.2799987792969,457.5801696777344,580900,NOC
2022-05-18,459.2300109863281,462.2799987792969,451.260009765625,454.8699951171875,453.1864929199219,758100,NOC
2022-05-19,449.3800048828125,453.3900146484375,439.20001220703125,448.5,446.8400573730469,758600,NOC
2022-05-20,450.17999267578125,450.8900146484375,437.5199890136719,443.3299865722656,441.6891784667969,636900,NOC
2022-05-23,446.6499938964844,458.2699890136719,446.29998779296875,456.7699890136719,455.0794372558594,561400,NOC
2022-05-24,455.5799865722656,472.44000244140625,455.5799865722656,471.1000061035156,469.3564147949219,794100,NOC
2022-05-25,471.1400146484375,474.4200134277344,467.1600036621094,467.6199951171875,465.8892822265625,594300,NOC
2022-05-26,470.7300109863281,476.489990234375,466.6300048828125,467.42999267578125,465.6999816894531,760400,NOC
2022-05-27,466.1499938964844,471.04998779296875,462.5799865722656,470.760009765625,470.760009765625,646000,NOC
2022-05-31,465.9700012207031,468.69000244140625,456.8399963378906,467.9700012207031,467.9700012207031,1762600,NOC
2022-06-01,467.7799987792969,471.9100036621094,458.760009765625,464.25,464.25,798600,NOC
2022-06-02,466.07000732421875,467.0,449.69000244140625,462.8699951171875,462.8699951171875,1151400,NOC
2022-06-03,462.1700134277344,478.6000061035156,462.1700134277344,478.3699951171875,478.3699951171875,872400,NOC
2022-06-06,479.2699890136719,483.94000244140625,477.4599914550781,478.8599853515625,478.8599853515625,586500,NOC
2022-06-07,478.79998779296875,492.29998779296875,476.69000244140625,492.05999755859375,492.05999755859375,742900,NOC
2022-06-08,487.82000732421875,491.5400085449219,472.05999755859375,472.45001220703125,472.45001220703125,853000,NOC
2022-06-09,470.260009765625,471.25,462.42999267578125,462.9200134277344,462.9200134277344,843500,NOC
2022-06-10,459.3500061035156,465.8399963378906,453.0,463.82000732421875,463.82000732421875,964400,NOC
2022-06-13,459.7699890136719,465.760009765625,457.55999755859375,460.67999267578125,460.67999267578125,1328000,NOC
2022-06-14,459.9700012207031,462.9599914550781,448.5400085449219,454.4599914550781,454.4599914550781,818500,NOC
2022-06-15,456.260009765625,462.6499938964844,447.69000244140625,458.45001220703125,458.45001220703125,874400,NOC
2022-06-16,454.6499938964844,458.739990234375,447.57000732421875,449.0199890136719,449.0199890136719,1055200,NOC
2022-06-17,447.0,451.739990234375,436.07000732421875,443.92999267578125,443.92999267578125,1368400,NOC
2022-06-21,448.6400146484375,464.7799987792969,448.6199951171875,463.7699890136719,463.7699890136719,780500,NOC
2022-06-22,454.2200012207031,464.010009765625,453.010009765625,458.6099853515625,458.6099853515625,539800,NOC
2022-06-23,458.45001220703125,460.6499938964844,449.45001220703125,456.239990234375,456.239990234375,614400,NOC
2022-06-24,460.0,464.4100036621094,455.6000061035156,463.70001220703125,463.70001220703125,807800,NOC
2022-06-27,461.3800048828125,468.8800048828125,461.2799987792969,466.82000732421875,466.82000732421875,542600,NOC
2022-06-28,468.1300048828125,473.82000732421875,464.1700134277344,464.6700134277344,464.6700134277344,583200,NOC
2022-06-29,468.0,468.0,459.32000732421875,461.80999755859375,461.80999755859375,586900,NOC
